Temperature (0.1 deg C), Pressure (Pa), Distance (approx cm)
226, 98715, 5
226, 98709, 5
226, 98726, 5
226, 98712, 5
226, 98718, 5
226, 98715, 5
226, 98715, 5
226, 98715, 5
226, 98718, 5
226, 98715, 5
226, 98715, 5
226, 98720, 5
226, 98723, 5
226, 98718, 5
226, 98715, 5
226, 98709, 5
226, 98718, 5
226, 98726, 5
226, 98715, 5
226, 98720, 5
226, 98723, 5
226, 98706, 5
226, 98718, 5
226, 98720, 5
226, 98718, 5
226, 98718, 5
226, 98715, 5
226, 98712, 5
226, 98718, 5
226, 98726, 5
226, 98720, 5
226, 98717, 5
226, 98726, 5
226, 98723, 5
226, 98720, 5
226, 98720, 5
227, 98720, 5
227, 98715, 5
227, 98726, 5
227, 98709, 5
227, 98709, 5
227, 98720, 5
227, 98712, 5
227, 98715, 5
227, 98717, 5
227, 98720, 5
227, 98717, 5
227, 98714, 5
227, 98723, 5
227, 98717, 5
227, 98720, 5
228, 98726, 5
228, 98717, 5
228, 98717, 5
228, 98714, 5
228, 98726, 5
228, 98714, 5
228, 98717, 5
228, 98711, 5
228, 98725, 5
228, 98720, 5
228, 98720, 5
229, 98720, 5
229, 98720, 5
229, 98734, 5
229, 98722, 5
229, 98722, 5
229, 98717, 5
229, 98717, 5
229, 98719, 5
229, 98722, 5
229, 98722, 5
229, 98717, 5
230, 98719, 5
230, 98731, 5
230, 98728, 5
230, 98714, 5
230, 98728, 5
230, 98722, 5
230, 98731, 5
230, 98711, 5
230, 98725, 5
231, 98719, 5
231, 98725, 5
231, 98711, 5
231, 98727, 5
231, 98725, 5
231, 98730, 5
231, 98719, 5
231, 98722, 5
232, 98727, 5
232, 98727, 5
232, 98727, 5
232, 98719, 5
232, 98724, 5
232, 98724, 5
232, 98719, 5
232, 98721, 5
233, 98721, 5
233, 98738, 5
233, 98730, 5
233, 98727, 5
233, 98718, 5
233, 98721, 5
233, 98735, 5
233, 98727, 5
233, 98727, 5
234, 98724, 5
234, 98724, 5
234, 98721, 5
234, 98718, 5
234, 98721, 5
234, 98735, 5
234, 98721, 5
234, 98718, 5
235, 98724, 5
235, 98721, 5
235, 98718, 5
235, 98729, 5
235, 98729, 5
235, 98721, 5
235, 98721, 5
235, 98726, 5
235, 98721, 5
236, 98718, 5
236, 98726, 5
236, 98718, 5
236, 98729, 5
236, 98726, 5
236, 98720, 5
236, 98718, 5
236, 98715, 5
236, 98723, 5
237, 98723, 5
237, 98737, 5
237, 98720, 5
237, 98717, 5
237, 98717, 5
237, 98726, 5
237, 98717, 5
237, 98723, 5
238, 98726, 5
238, 98714, 5
238, 98712, 5
238, 98717, 5
238, 98723, 5
238, 98731, 5
238, 98717, 5
238, 98720, 5
238, 98720, 5
238, 98720, 5
239, 98717, 5
239, 98728, 5
239, 98728, 5
239, 98723, 5
239, 98714, 5
239, 98720, 5
239, 98714, 5
239, 98720, 5
239, 98720, 5
240, 98714, 5
240, 98717, 5
240, 98711, 5
240, 98725, 5
240, 98722, 5
240, 98722, 5
240, 98719, 5
240, 98717, 5
240, 98722, 5
240, 98714, 5
240, 98714, 5
241, 98722, 5
241, 98728, 5
241, 98731, 5
241, 98722, 5
241, 98719, 5
241, 98713, 5
241, 98728, 5
241, 98719, 5
241, 98716, 5
241, 98716, 5
242, 98725, 5
242, 98719, 5
242, 98719, 5
242, 98716, 5
242, 98710, 5
242, 98710, 5
242, 98710, 5
242, 98719, 5
242, 98713, 5
242, 98719, 5
242, 98719, 5
242, 98716, 5
243, 98716, 5
243, 98716, 5
243, 98719, 5
243, 98724, 5
243, 98721, 5
243, 98721, 5
243, 98713, 5
243, 98713, 5
243, 98719, 5
243, 98721, 5
244, 98718, 5
243, 98718, 5
244, 98713, 5
244, 98716, 5
244, 98716, 5
244, 98713, 5
244, 98713, 5
244, 98710, 5
244, 98718, 5
244, 98715, 5
244, 98715, 5
244, 98713, 5
244, 98713, 5
244, 98727, 5
244, 98721, 5
245, 98715, 5
245, 98715, 5
245, 98712, 5
245, 98718, 5
245, 98715, 5
245, 98727, 5
245, 98718, 5
245, 98718, 5
245, 98715, 5
245, 98727, 5
245, 98712, 5
245, 98718, 5
245, 98724, 5
246, 98718, 5
246, 98718, 5
246, 98735, 5
246, 98712, 5
246, 98732, 5
246, 98718, 5
246, 98721, 5
246, 98715, 5
246, 98715, 5
246, 98709, 5
246, 98715, 5
246, 98718, 5
246, 98721, 5
246, 98718, 5
246, 98718, 5
246, 98698, 5
246, 98712, 5
246, 98715, 5
246, 98718, 5
246, 98729, 5
246, 98715, 5
246, 98723, 5
247, 98726, 5
247, 98720, 5
247, 98723, 5
247, 98709, 5
247, 98729, 5
247, 98715, 5
247, 98715, 5
247, 98717, 5
247, 98712, 5
247, 98717, 5
247, 98715, 5
247, 98729, 5
247, 98715, 5
247, 98720, 5
248, 98720, 5
247, 98717, 5
248, 98726, 5
248, 98723, 5
248, 98715, 5
248, 98726, 5
248, 98712, 5
248, 98720, 5
248, 98726, 5
248, 98726, 5
248, 98717, 5
248, 98729, 5
248, 98729, 5
248, 98717, 5
248, 98712, 5
248, 98726, 5
248, 98723, 5
248, 98720, 5
248, 98731, 5
248, 98731, 5
248, 98723, 5
248, 98714, 5
248, 98726, 5
248, 98723, 5
248, 98723, 5
248, 98720, 5
249, 98723, 5
248, 98720, 5
248, 98720, 5
248, 98720, 5
249, 98723, 5
249, 98723, 5
249, 98720, 5
249, 98717, 5
249, 98723, 5
249, 98726, 5
249, 98714, 5
249, 98720, 5
249, 98717, 5
249, 98717, 5
249, 98723, 5
249, 98711, 5
249, 98720, 5
249, 98720, 5
249, 98728, 5
249, 98723, 5
249, 98734, 5
249, 98725, 5
249, 98720, 5
249, 98725, 5
249, 98728, 5
249, 98728, 5
249, 98720, 5
250, 98720, 5
249, 98714, 5
250, 98723, 5
250, 98725, 5
250, 98717, 5
250, 98723, 5
250, 98731, 5
250, 98717, 5
250, 98720, 5
250, 98717, 5
250, 98725, 5
250, 98734, 5
250, 98731, 5
250, 98722, 5
250, 98722, 5
250, 98722, 5
250, 98720, 5
250, 98714, 5
250, 98728, 5
250, 98717, 5
250, 98720, 5
250, 98728, 5
250, 98722, 5
250, 98711, 5
250, 98720, 5
250, 98714, 5
250, 98722, 5
250, 98725, 5
250, 98714, 5
250, 98725, 5
250, 98719, 5
250, 98722, 5
250, 98717, 5
250, 98722, 5
250, 98722, 5
250, 98719, 5
250, 98725, 5
250, 98722, 5
250, 98722, 5
250, 98719, 5
250, 98719, 5
250, 98722, 5
251, 98728, 5
251, 98731, 5
251, 98725, 5
251, 98731, 5
251, 98728, 5
251, 98731, 5
251, 98725, 5
251, 98717, 5
251, 98722, 5
251, 98717, 5
251, 98734, 5
251, 98708, 5
251, 98714, 5
251, 98722, 5
251, 98725, 5
251, 98725, 5
251, 98719, 5
251, 98722, 5
251, 98728, 5
251, 98722, 5
251, 98725, 5
251, 98728, 5
251, 98722, 5
251, 98734, 5
251, 98731, 5
251, 98722, 5
251, 98719, 5
251, 98725, 5
251, 98733, 5
251, 98716, 5
251, 98719, 5
251, 98719, 5
251, 98725, 5
251, 98731, 5
251, 98728, 5
251, 98731, 5
251, 98725, 5
251, 98728, 5
251, 98733, 5
251, 98725, 5
251, 98728, 5
251, 98725, 5
251, 98714, 5
251, 98728, 5
251, 98731, 5
251, 98719, 5
251, 98728, 5
251, 98725, 5
251, 98722, 5
251, 98731, 5
251, 98728, 5
251, 98731, 5
251, 98728, 5
251, 98733, 5
251, 98731, 5
251, 98725, 5
251, 98725, 5
251, 98722, 5
251, 98728, 5
251, 98725, 5
251, 98725, 5
251, 98719, 5
251, 98719, 5
252, 98733, 5
251, 98719, 5
251, 98728, 5
251, 98725, 5
251, 98725, 5
252, 98722, 5
251, 98719, 5
251, 98728, 5
252, 98725, 5
252, 98733, 5
251, 98719, 5
252, 98728, 5
251, 98725, 5
252, 98719, 5
252, 98736, 5
252, 98725, 5
252, 98733, 5
252, 98730, 5
252, 98725, 5
252, 98719, 5
252, 98728, 5
252, 98722, 5
252, 98725, 5
252, 98722, 5
252, 98716, 5
252, 98725, 5
252, 98733, 5
252, 98739, 5
252, 98728, 5
252, 98733, 5
252, 98733, 5
252, 98733, 5
252, 98728, 5
252, 98733, 5
252, 98725, 5
252, 98725, 5
252, 98728, 5
252, 98719, 5
252, 98722, 5
252, 98730, 5
252, 98722, 5
252, 98725, 5
252, 98733, 5
252, 98730, 5
252, 98722, 5
252, 98736, 5
252, 98742, 5
252, 98733, 5
252, 98719, 5
252, 98730, 5
252, 98736, 5
252, 98733, 5
252, 98722, 5
252, 98728, 5
252, 98725, 5
252, 98730, 5
252, 98733, 5
252, 98736, 5
252, 98730, 5
252, 98730, 5
252, 98719, 5
252, 98730, 5
252, 98733, 5
252, 98736, 5
252, 98725, 5
252, 98722, 5
252, 98730, 5
252, 98736, 5
252, 98730, 5
252, 98728, 5
252, 98730, 5
252, 98730, 5
252, 98730, 5
252, 98730, 5
252, 98725, 5
252, 98736, 5
252, 98736, 5
252, 98725, 5
252, 98725, 5
252, 98728, 5
252, 98725, 5
252, 98728, 5
252, 98736, 5
252, 98730, 5
252, 98733, 5
252, 98733, 5
252, 98728, 5
252, 98733, 5
252, 98725, 5
252, 98733, 5
252, 98719, 5
252, 98730, 5
252, 98730, 5
252, 98739, 5
252, 98739, 5
252, 98739, 5
252, 98733, 5
252, 98739, 5
252, 98730, 5
252, 98733, 5
252, 98736, 5
252, 98733, 5
252, 98739, 5
252, 98730, 5
252, 98727, 5
252, 98730, 5
252, 98733, 5
252, 98736, 5
252, 98733, 5
252, 98727, 5
252, 98736, 5
252, 98736, 5
252, 98727, 5
252, 98733, 5
252, 98725, 5
252, 98742, 5
252, 98733, 5
252, 98722, 5
252, 98736, 5
252, 98727, 5
252, 98733, 5
252, 98733, 5
252, 98727, 5
252, 98739, 5
252, 98730, 5
252, 98730, 5
252, 98736, 5
252, 98733, 5
252, 98739, 5
252, 98730, 5
252, 98739, 5
252, 98730, 5
252, 98730, 5
252, 98733, 5
252, 98733, 5
252, 98739, 5
252, 98736, 5
252, 98727, 5
252, 98727, 5
252, 98733, 5
252, 98739, 5
252, 98730, 5
252, 98736, 5
252, 98733, 5
252, 98730, 5
252, 98739, 5
252, 98733, 5
252, 98739, 5
252, 98739, 5
252, 98739, 5
252, 98739, 5
252, 98730, 5
253, 98736, 5
252, 98736, 5
252, 98716, 5
252, 98733, 5
252, 98733, 5
252, 98730, 5
252, 98733, 5
252, 98736, 5
252, 98727, 5
252, 98739, 5
252, 98744, 5
252, 98733, 5
252, 98730, 5
252, 98747, 5
252, 98739, 5
253, 98744, 5
252, 98730, 5
252, 98744, 5
252, 98739, 5
252, 98727, 5
252, 98742, 5
252, 98736, 5
252, 98736, 5
252, 98727, 5
252, 98733, 5
252, 98739, 5
252, 98736, 5
252, 98733, 5
252, 98747, 5
252, 98739, 5
252, 98727, 5
253, 98753, 5
252, 98736, 5
252, 98742, 5
252, 98744, 5
253, 98747, 5
253, 98747, 5
252, 98733, 5
252, 98730, 5
253, 98744, 5
252, 98739, 5
252, 98744, 5
252, 98739, 5
252, 98739, 5
252, 98733, 5
252, 98744, 5
252, 98736, 5
252, 98730, 5
253, 98742, 5
252, 98739, 5
252, 98742, 5
252, 98730, 5
252, 98736, 5
252, 98742, 5
252, 98739, 5
252, 98742, 5
252, 98742, 5
252, 98739, 5
252, 98739, 5
252, 98736, 5
252, 98739, 5
252, 98739, 5
252, 98742, 5
253, 98747, 5
252, 98739, 5
253, 98747, 5
252, 98742, 5
252, 98733, 5
252, 98739, 5
253, 98742, 5
253, 98742, 5
253, 98759, 5
252, 98744, 5
252, 98742, 5
252, 98742, 5
252, 98727, 5
252, 98736, 5
253, 98744, 5
252, 98733, 5
252, 98747, 5
252, 98733, 5
252, 98744, 5
252, 98736, 5
252, 98742, 5
252, 98742, 5
252, 98747, 5
252, 98739, 5
252, 98747, 5
252, 98733, 5
252, 98747, 5
252, 98742, 5
252, 98739, 5
252, 98736, 5
252, 98742, 5
252, 98742, 5
252, 98730, 5
252, 98742, 5
252, 98744, 5
252, 98742, 5
252, 98733, 5
252, 98730, 5
252, 98730, 5
252, 98733, 5
252, 98733, 5
252, 98747, 5
252, 98733, 5
252, 98739, 5
252, 98730, 5
252, 98747, 5
252, 98739, 5
252, 98739, 5
252, 98722, 5
252, 98739, 5
252, 98742, 5
252, 98744, 5
252, 98730, 5
252, 98742, 5
252, 98730, 5
252, 98747, 5
252, 98733, 5
252, 98744, 5
252, 98727, 5
252, 98736, 5
252, 98742, 5
252, 98742, 5
252, 98733, 5
252, 98739, 5
252, 98730, 5
252, 98744, 5
252, 98739, 5
252, 98739, 5
252, 98739, 5
252, 98733, 5
252, 98739, 5
252, 98739, 5
252, 98739, 5
252, 98736, 5
252, 98744, 5
252, 98742, 5
252, 98739, 5
252, 98733, 5
252, 98739, 5
252, 98736, 5
252, 98739, 5
252, 98736, 5
252, 98725, 5
252, 98739, 5
252, 98742, 5
252, 98742, 5
252, 98744, 5
252, 98742, 5
252, 98739, 5
252, 98733, 5
252, 98744, 5
252, 98744, 5
252, 98736, 5
252, 98742, 5
252, 98736, 5
252, 98733, 5
252, 98736, 5
252, 98739, 5
252, 98745, 5
252, 98736, 5
252, 98747, 5
252, 98742, 5
252, 98742, 5
252, 98736, 5
252, 98742, 5
252, 98750, 5
252, 98742, 5
252, 98736, 5
252, 98730, 5
252, 98736, 5
252, 98736, 5
252, 98750, 5
252, 98736, 5
252, 98736, 5
252, 98736, 5
252, 98736, 5
252, 98739, 5
252, 98742, 5
252, 98742, 5
252, 98742, 5
252, 98736, 5
252, 98730, 5
252, 98739, 5
252, 98733, 5
252, 98725, 5
252, 98736, 5
252, 98730, 5
252, 98730, 5
252, 98733, 5
252, 98736, 5
252, 98742, 5
252, 98733, 5
252, 98745, 5
252, 98736, 5
252, 98728, 5
252, 98730, 5
252, 98739, 5
252, 98742, 5
252, 98745, 5
252, 98730, 5
252, 98733, 5
252, 98739, 5
252, 98736, 5
252, 98742, 5
252, 98742, 5
252, 98739, 5
252, 98733, 5
252, 98736, 5
252, 98739, 5
252, 98736, 5
252, 98742, 5
252, 98745, 5
252, 98742, 5
252, 98736, 5
252, 98733, 5
252, 98739, 5
252, 98739, 5
252, 98736, 5
252, 98733, 5
252, 98742, 5
252, 98739, 5
252, 98745, 5
252, 98739, 5
252, 98739, 5
252, 98739, 5
252, 98739, 5
252, 98742, 5
252, 98748, 5
252, 98745, 5
252, 98739, 5
252, 98745, 5
252, 98742, 5
252, 98745, 5
252, 98742, 5
252, 98756, 5
252, 98742, 5
252, 98742, 5
252, 98742, 5
252, 98747, 5
252, 98745, 5
252, 98736, 5
252, 98733, 5
252, 98750, 5
252, 98739, 5
252, 98742, 5
252, 98733, 5
252, 98733, 5
252, 98747, 5
252, 98753, 5
252, 98733, 5
252, 98747, 5
252, 98753, 5
252, 98742, 5
252, 98742, 5
252, 98742, 5
252, 98747, 5
252, 98753, 5
252, 98745, 5
252, 98742, 5
252, 98745, 5
252, 98747, 5
252, 98736, 5
252, 98750, 5
252, 98753, 5
252, 98742, 5
252, 98753, 5
252, 98747, 5
252, 98753, 5
252, 98753, 5
252, 98753, 5
252, 98747, 5
252, 98750, 5
252, 98750, 5
252, 98756, 5
252, 98762, 5
252, 98756, 5
252, 98745, 5
252, 98747, 5
252, 98747, 5
252, 98753, 5
252, 98753, 5
252, 98753, 5
252, 98753, 5
252, 98762, 5
252, 98747, 5
252, 98759, 5
252, 98745, 5
252, 98747, 5
252, 98750, 5
252, 98742, 5
252, 98756, 5
252, 98759, 5
252, 98747, 5
252, 98745, 5
252, 98759, 5
252, 98753, 5
252, 98767, 5
252, 98759, 5
252, 98747, 5
252, 98753, 5
252, 98762, 5
252, 98745, 5
252, 98759, 5
252, 98756, 5
252, 98750, 5
252, 98762, 5
252, 98762, 5
252, 98753, 5
252, 98753, 5
252, 98762, 5
252, 98756, 5
252, 98753, 5
252, 98753, 5
252, 98753, 5
252, 98747, 5
252, 98750, 5
252, 98742, 5
252, 98748, 5
252, 98745, 5
252, 98756, 5
252, 98759, 5
252, 98753, 5
252, 98756, 5
252, 98753, 5
252, 98753, 5
252, 98745, 5
252, 98750, 5
252, 98753, 4
252, 98748, 5
252, 98745, 5
252, 98756, 5
252, 98748, 5
252, 98756, 4
252, 98750, 4
252, 98756, 5
252, 98747, 5
252, 98745, 4
252, 98750, 4
252, 98756, 4
252, 98742, 4
252, 98747, 5
252, 98753, 5
252, 98750, 4
252, 98753, 4
252, 98756, 4
252, 98742, 4
252, 98745, 4
252, 98745, 5
252, 98739, 4
252, 98745, 5
252, 98745, 5
252, 98750, 4
252, 98756, 4
252, 98747, 4
252, 98750, 4
252, 98742, 4
252, 98748, 4
252, 98750, 4
252, 98745, 5
252, 98745, 5
252, 98750, 5
252, 98739, 4
252, 98753, 4
252, 98742, 5
252, 98745, 5
252, 98742, 4
252, 98759, 4
252, 98745, 5
252, 98745, 4
252, 98753, 4
252, 98745, 4
252, 98750, 4
252, 98750, 4
252, 98748, 4
252, 98750, 4
252, 98753, 4
252, 98753, 4
252, 98750, 4
252, 98759, 4
252, 98756, 4
252, 98739, 4
252, 98753, 4
252, 98745, 4
252, 98745, 4
251, 98750, 4
251, 98745, 4
251, 98748, 4
251, 98745, 4
251, 98748, 4
251, 98756, 4
251, 98751, 4
251, 98756, 4
251, 98762, 4
251, 98753, 4
251, 98751, 4
251, 98751, 4
250, 98748, 4
251, 98762, 4
250, 98756, 4
250, 98742, 4
250, 98756, 4
250, 98756, 4
250, 98762, 4
250, 98748, 4
250, 98756, 4
250, 98751, 4
250, 98748, 4
250, 98751, 4
250, 98756, 4
250, 98759, 4
250, 98754, 4
250, 98751, 4
250, 98756, 4
250, 98754, 4
250, 98756, 4
250, 98754, 4
250, 98756, 4
250, 98762, 4
250, 98756, 4
250, 98756, 4
250, 98762, 4
250, 98751, 4
250, 98754, 4
250, 98754, 4
250, 98748, 4
250, 98754, 4
250, 98759, 4
250, 98754, 4
250, 98756, 4
250, 98754, 4
250, 98759, 4
250, 98759, 4
250, 98748, 4
250, 98754, 4
250, 98754, 4
250, 98751, 4
250, 98759, 4
250, 98745, 4
250, 98757, 4
250, 98751, 4
250, 98759, 4
250, 98765, 4
250, 98757, 4
250, 98754, 4
250, 98751, 4
250, 98748, 4
250, 98751, 4
250, 98751, 4
250, 98751, 4
250, 98751, 4
250, 98748, 4
250, 98748, 4
250, 98748, 4
250, 98759, 4
250, 98748, 4
250, 98751, 4
250, 98759, 4
250, 98756, 4
250, 98756, 4
250, 98754, 4
250, 98759, 4
250, 98751, 4
250, 98751, 4
250, 98751, 4
250, 98754, 4
250, 98768, 4
250, 98756, 4
250, 98762, 4
250, 98762, 4
250, 98756, 4
250, 98756, 4
250, 98756, 4
250, 98756, 4
250, 98751, 4
250, 98751, 4
250, 98756, 4
250, 98765, 4
250, 98745, 4
250, 98754, 4
250, 98754, 4
250, 98754, 4
250, 98759, 4
250, 98756, 4
250, 98759, 4
250, 98742, 4
251, 98756, 4
251, 98759, 4
251, 98759, 4
251, 98751, 4
251, 98756, 4
251, 98762, 4
251, 98751, 4
251, 98753, 4
251, 98756, 4
251, 98770, 4
251, 98759, 4
251, 98748, 4
251, 98748, 4
251, 98748, 4
251, 98753, 4
251, 98756, 4
251, 98750, 4
251, 98756, 4
251, 98756, 4
251, 98762, 4
251, 98756, 4
251, 98759, 4
251, 98756, 4
251, 98759, 4
251, 98759, 4
251, 98753, 4
251, 98753, 4
251, 98759, 4
251, 98765, 4
251, 98759, 4
251, 98759, 4
251, 98770, 4
252, 98767, 4
252, 98767, 4
252, 98762, 4
252, 98756, 4
252, 98756, 4
251, 98762, 4
251, 98759, 4
251, 98765, 4
251, 98756, 4
251, 98759, 4
251, 98756, 4
251, 98765, 4
251, 98756, 4
251, 98756, 4
251, 98765, 4
251, 98756, 4
251, 98765, 4
251, 98762, 4
251, 98759, 4
251, 98756, 4
251, 98756, 4
251, 98768, 4
251, 98765, 4
251, 98759, 4
251, 98742, 4
251, 98753, 4
251, 98759, 4
252, 98767, 4
251, 98759, 4
251, 98765, 4
252, 98756, 4
252, 98767, 4
252, 98762, 4
252, 98762, 4
252, 98750, 4
252, 98762, 4
252, 98765, 4
252, 98765, 4
252, 98765, 4
252, 98765, 4
252, 98762, 4
252, 98770, 4
252, 98765, 4
252, 98750, 4
252, 98767, 4
252, 98765, 4
252, 98759, 4
252, 98759, 4
252, 98753, 4
252, 98756, 4
252, 98767, 4
252, 98765, 4
252, 98762, 4
252, 98753, 4
252, 98759, 4
252, 98765, 4
252, 98759, 4
252, 98765, 4
252, 98759, 4
252, 98765, 4
252, 98756, 4
252, 98756, 4
252, 98762, 4
252, 98767, 4
252, 98770, 4
252, 98770, 4
252, 98759, 4
252, 98756, 4
252, 98765, 4
252, 98759, 4
252, 98764, 4
252, 98759, 4
252, 98759, 4
252, 98759, 4
252, 98764, 4
252, 98762, 4
252, 98762, 4
252, 98764, 4
252, 98759, 4
252, 98762, 4
252, 98779, 4
252, 98764, 4
252, 98753, 4
252, 98764, 4
252, 98764, 4
252, 98764, 4
252, 98770, 4
252, 98770, 4
252, 98767, 4
252, 98770, 4
252, 98762, 4
252, 98762, 4
252, 98762, 4
252, 98767, 4
252, 98762, 4
252, 98770, 4
252, 98762, 4
252, 98767, 4
252, 98762, 4
252, 98764, 4
252, 98762, 4
252, 98762, 4
252, 98764, 4
252, 98762, 4
252, 98759, 4
252, 98759, 4
252, 98764, 4
252, 98770, 4
252, 98770, 4
252, 98762, 4
252, 98753, 4
252, 98764, 4
252, 98762, 4
252, 98767, 4
253, 98773, 4
253, 98761, 4
252, 98756, 4
253, 98770, 4
252, 98762, 4
252, 98759, 4
253, 98764, 4
253, 98764, 4
252, 98767, 4
253, 98764, 4
253, 98767, 4
253, 98761, 4
253, 98773, 4
253, 98767, 4
253, 98764, 4
253, 98759, 4
253, 98767, 4
253, 98764, 4
253, 98767, 4
253, 98767, 4
253, 98767, 4
253, 98761, 4
253, 98770, 4
253, 98770, 4
253, 98770, 4
253, 98773, 4
253, 98767, 4
253, 98764, 4
253, 98770, 4
253, 98764, 4
253, 98764, 4
253, 98773, 4
253, 98770, 4
253, 98773, 4
253, 98767, 4
253, 98770, 4
253, 98770, 4
253, 98767, 4
253, 98761, 4
253, 98767, 4
253, 98761, 4
253, 98764, 4
253, 98773, 4
253, 98776, 4
253, 98764, 4
253, 98764, 4
253, 98759, 4
253, 98761, 4
253, 98773, 4
253, 98778, 4
253, 98773, 4
253, 98770, 4
253, 98770, 4
253, 98770, 4
253, 98776, 4
253, 98770, 4
253, 98767, 4
253, 98764, 4
253, 98767, 4
253, 98770, 4
253, 98773, 4
253, 98764, 4
253, 98776, 4
253, 98764, 4
253, 98770, 4
253, 98770, 4
253, 98776, 4
253, 98770, 4
253, 98764, 4
253, 98773, 4
253, 98773, 4
253, 98776, 4
253, 98770, 4
253, 98761, 4
253, 98778, 4
254, 98778, 4
253, 98758, 4
253, 98767, 4
253, 98767, 4
253, 98773, 4
253, 98773, 4
253, 98773, 4
253, 98775, 4
254, 98761, 4
253, 98764, 4
253, 98770, 4
253, 98770, 4
254, 98773, 4
253, 98773, 4
253, 98773, 4
254, 98767, 4
254, 98767, 4
254, 98770, 4
253, 98770, 4
254, 98775, 4
254, 98773, 4
253, 98758, 4
254, 98770, 4
253, 98767, 4
254, 98770, 4
253, 98761, 4
253, 98764, 4
253, 98767, 4
254, 98761, 4
253, 98767, 4
254, 98770, 4
254, 98773, 4
254, 98770, 4
254, 98761, 4
254, 98770, 4
254, 98767, 4
254, 98767, 4
254, 98773, 4
254, 98761, 4
254, 98767, 4
254, 98767, 4
254, 98761, 4
254, 98758, 4
254, 98767, 4
254, 98767, 4
254, 98764, 4
254, 98778, 4
254, 98767, 4
254, 98773, 4
254, 98770, 4
254, 98764, 4
254, 98761, 4
254, 98778, 4
254, 98764, 4
254, 98767, 4
254, 98770, 4
254, 98767, 4
254, 98764, 4
254, 98770, 4
254, 98767, 4
254, 98756, 4
254, 98761, 4
254, 98767, 4
254, 98767, 4
254, 98764, 4
254, 98764, 4
254, 98761, 4
254, 98773, 4
254, 98764, 4
254, 98764, 4
254, 98770, 4
254, 98772, 4
254, 98767, 4
254, 98770, 4
254, 98761, 4
254, 98767, 4
254, 98770, 4
254, 98770, 4
254, 98770, 4
254, 98770, 4
254, 98775, 4
254, 98767, 4
254, 98761, 4
254, 98773, 4
254, 98767, 4
254, 98773, 4
254, 98770, 4
254, 98770, 4
254, 98767, 4
254, 98770, 4
254, 98761, 4
254, 98767, 4
254, 98761, 4
254, 98755, 4
254, 98758, 4
254, 98770, 4
254, 98770, 4
254, 98764, 4
254, 98758, 4
254, 98767, 4
254, 98758, 4
254, 98772, 4
254, 98775, 4
254, 98761, 4
254, 98767, 4
254, 98764, 4
254, 98770, 4
254, 98767, 4
254, 98767, 4
254, 98767, 4
254, 98761, 4
254, 98770, 4
254, 98772, 4
254, 98770, 4
254, 98772, 4
254, 98772, 4
254, 98770, 4
254, 98772, 4
254, 98758, 4
255, 98772, 4
255, 98778, 4
255, 98769, 4
255, 98778, 4
255, 98769, 4
255, 98769, 4
255, 98761, 4
255, 98769, 4
255, 98775, 4
255, 98772, 4
255, 98769, 4
255, 98781, 4
255, 98775, 4
255, 98781, 4
255, 98778, 4
255, 98778, 4
255, 98767, 4
255, 98775, 4
255, 98772, 4
255, 98775, 4
255, 98775, 4
255, 98772, 4
255, 98778, 4
255, 98769, 4
255, 98767, 4
255, 98781, 4
255, 98769, 4
255, 98772, 4
255, 98775, 4
255, 98767, 4
255, 98772, 4
255, 98784, 4
255, 98784, 4
255, 98778, 4
255, 98781, 4
255, 98781, 4
255, 98775, 4
255, 98784, 4
255, 98778, 4
255, 98791, 4
255, 98769, 4
255, 98781, 4
255, 98769, 4
255, 98781, 4
255, 98767, 4
255, 98772, 4
255, 98786, 4
255, 98772, 4
255, 98778, 4
255, 98784, 4
255, 98775, 4
255, 98778, 4
255, 98781, 4
255, 98784, 4
256, 98783, 4
255, 98781, 4
255, 98781, 4
255, 98775, 4
255, 98775, 4
255, 98781, 4
255, 98775, 4
255, 98781, 4
255, 98784, 4
255, 98778, 4
255, 98772, 4
255, 98769, 4
256, 98783, 4
255, 98772, 4
256, 98778, 4
255, 98778, 4
256, 98783, 4
255, 98772, 4
255, 98781, 4
255, 98781, 4
255, 98781, 4
255, 98794, 4
256, 98775, 4
256, 98783, 4
255, 98781, 4
255, 98778, 4
256, 98778, 4
256, 98778, 4
255, 98781, 4
256, 98772, 4
256, 98797, 4
256, 98783, 4
256, 98783, 4
256, 98791, 4
256, 98772, 4
256, 98786, 4
256, 98783, 4
256, 98783, 4
256, 98783, 4
256, 98786, 4
256, 98781, 4
256, 98772, 4
256, 98797, 4
256, 98791, 4
256, 98783, 4
256, 98783, 4
256, 98791, 4
256, 98794, 4
256, 98791, 4
256, 98791, 4
256, 98786, 4
256, 98791, 4
256, 98786, 4
256, 98791, 4
256, 98794, 4
256, 98783, 4
256, 98778, 4
256, 98791, 4
256, 98791, 4
256, 98783, 4
256, 98783, 4
256, 98797, 4
256, 98786, 4
256, 98791, 4
256, 98797, 4
256, 98800, 4
256, 98794, 4
256, 98794, 4
256, 98797, 4
256, 98786, 4
256, 98780, 4
256, 98791, 4
256, 98791, 4
256, 98786, 4
256, 98794, 4
256, 98786, 4
256, 98791, 4
256, 98794, 4
256, 98794, 4
256, 98794, 4
256, 98794, 4
256, 98794, 4
256, 98786, 4
256, 98791, 4
256, 98786, 4
256, 98783, 4
256, 98786, 4
256, 98791, 4
256, 98786, 4
256, 98791, 4
256, 98797, 4
256, 98791, 4
256, 98786, 4
256, 98778, 4
256, 98775, 4
256, 98786, 4
256, 98786, 4
256, 98786, 4
257, 98780, 4
257, 98794, 4
257, 98780, 4
257, 98783, 4
257, 98783, 4
257, 98794, 4
257, 98791, 4
257, 98797, 4
257, 98799, 4
257, 98780, 4
257, 98799, 4
257, 98786, 4
257, 98786, 4
257, 98799, 4
257, 98780, 4
257, 98791, 4
257, 98802, 4
257, 98797, 4
257, 98786, 4
257, 98791, 4
257, 98786, 4
257, 98791, 4
257, 98794, 4
257, 98780, 4
257, 98786, 4
257, 98786, 4
257, 98794, 4
257, 98783, 4
257, 98791, 4
257, 98796, 4
257, 98794, 4
257, 98786, 4
257, 98786, 4
257, 98783, 4
257, 98780, 4
257, 98786, 4
257, 98786, 4
257, 98791, 4
257, 98791, 4
257, 98786, 4
257, 98794, 4
257, 98783, 4
257, 98791, 4
257, 98794, 4
257, 98786, 4
257, 98783, 4
257, 98802, 4
257, 98794, 4
257, 98794, 4
257, 98786, 4
257, 98786, 4
257, 98786, 4
257, 98783, 4
257, 98794, 4
257, 98783, 4
257, 98783, 4
257, 98786, 4
257, 98799, 4
257, 98799, 4
257, 98775, 4
257, 98786, 4
257, 98786, 4
257, 98794, 4
257, 98791, 4
257, 98786, 4
257, 98796, 4
257, 98786, 4
257, 98796, 4
257, 98786, 4
257, 98791, 4
257, 98791, 4
257, 98802, 4
257, 98796, 4
257, 98786, 4
257, 98796, 4
257, 98791, 4
257, 98786, 4
257, 98794, 4
257, 98791, 4
257, 98786, 4
257, 98794, 4
257, 98794, 4
257, 98786, 4
257, 98791, 4
257, 98794, 4
258, 98783, 4
257, 98791, 4
257, 98783, 4
258, 98794, 4
258, 98783, 4
258, 98794, 4
257, 98786, 4
258, 98791, 4
258, 98791, 4
258, 98794, 4
258, 98791, 4
258, 98796, 4
257, 98791, 4
257, 98783, 4
258, 98780, 4
258, 98799, 4
258, 98799, 4
258, 98791, 4
258, 98783, 4
258, 98780, 4
258, 98799, 4
258, 98799, 4
258, 98783, 4
258, 98783, 4
258, 98791, 4
258, 98802, 4
258, 98791, 4
258, 98793, 4
258, 98796, 4
258, 98796, 4
258, 98799, 4
258, 98799, 4
258, 98802, 4
258, 98802, 4
258, 98808, 4
258, 98799, 4
258, 98799, 4
258, 98796, 4
258, 98793, 4
258, 98796, 4
258, 98791, 4
258, 98791, 4
258, 98796, 4
258, 98802, 4
258, 98802, 4
258, 98791, 4
258, 98805, 4
258, 98791, 4
258, 98802, 4
258, 98793, 4
258, 98799, 4
258, 98799, 4
258, 98796, 4
258, 98793, 4
258, 98791, 4
258, 98808, 4
258, 98793, 4
258, 98805, 4
258, 98802, 4
258, 98791, 4
258, 98791, 4
258, 98805, 4
258, 98802, 4
258, 98796, 4
258, 98802, 4
258, 98805, 4
258, 98799, 4
258, 98799, 4
258, 98796, 4
258, 98799, 4
258, 98802, 4
258, 98805, 4
258, 98802, 4
258, 98808, 4
258, 98799, 4
258, 98799, 4
258, 98802, 4
258, 98799, 4
258, 98788, 4
258, 98799, 4
258, 98793, 4
258, 98780, 4
258, 98796, 4
258, 98805, 4
258, 98788, 4
258, 98813, 4
258, 98793, 4
258, 98793, 4
258, 98799, 4
258, 98799, 4
258, 98793, 4
258, 98793, 4
258, 98799, 3
258, 98805, 4
258, 98802, 4
258, 98796, 4
258, 98805, 4
258, 98805, 4
258, 98802, 4
258, 98786, 4
258, 98796, 4
258, 98793, 3
258, 98810, 3
258, 98796, 4
259, 98802, 4
258, 98799, 4
258, 98805, 4
258, 98799, 4
258, 98793, 4
258, 98786, 4
258, 98805, 4
258, 98810, 4
258, 98799, 4
259, 98805, 3
259, 98805, 3
259, 98793, 4
259, 98802, 3
259, 98796, 4
259, 98796, 4
259, 98796, 4
259, 98802, 4
259, 98796, 4
259, 98793, 4
259, 98799, 4
259, 98793, 4
259, 98796, 4
259, 98796, 4
259, 98807, 3
259, 98788, 3
259, 98805, 4
259, 98783, 4
259, 98786, 4
259, 98796, 3
259, 98786, 4
259, 98793, 4
259, 98783, 4
259, 98799, 4
259, 98799, 4
259, 98796, 4
259, 98802, 4
259, 98799, 3
259, 98799, 3
259, 98796, 4
259, 98796, 3
259, 98799, 3
259, 98796, 4
259, 98788, 3
259, 98796, 3
259, 98796, 3
259, 98788, 3
259, 98799, 3
259, 98799, 3
259, 98802, 4
259, 98802, 3
259, 98802, 4
259, 98796, 4
259, 98802, 4
259, 98796, 4
259, 98802, 3
259, 98802, 4
259, 98793, 3
259, 98793, 3
259, 98788, 3
259, 98799, 3
259, 98799, 3
259, 98793, 3
259, 98796, 3
259, 98802, 3
259, 98802, 3
259, 98799, 3
259, 98802, 3
259, 98788, 3
259, 98793, 3
259, 98796, 3
259, 98810, 3
259, 98793, 3
259, 98783, 3
259, 98796, 4
259, 98786, 3
259, 98793, 3
258, 98788, 3
258, 98796, 3
258, 98799, 3
258, 98788, 3
258, 98788, 3
258, 98793, 3
258, 98799, 3
258, 98793, 4
258, 98788, 3
258, 98796, 3
258, 98788, 3
258, 98796, 3
258, 98802, 3
258, 98786, 3
258, 98793, 3
258, 98796, 3
258, 98799, 3
258, 98793, 3
258, 98793, 3
258, 98793, 3
258, 98793, 3
258, 98799, 3
258, 98796, 3
258, 98796, 3
258, 98793, 3
258, 98788, 3
258, 98796, 3
258, 98805, 3
258, 98796, 3
258, 98793, 3
258, 98791, 3
258, 98793, 3
258, 98791, 3
258, 98796, 3
258, 98793, 3
258, 98783, 3
258, 98799, 3
258, 98786, 3
258, 98786, 3
258, 98793, 3
258, 98796, 3
258, 98793, 3
258, 98788, 3
258, 98788, 3
258, 98788, 3
258, 98793, 3
258, 98793, 3
258, 98799, 3
258, 98799, 3
258, 98788, 3
258, 98802, 3
258, 98805, 3
258, 98783, 3
258, 98805, 3
258, 98793, 3
258, 98796, 3
258, 98802, 3
258, 98786, 3
258, 98793, 3
258, 98793, 3
259, 98788, 3
258, 98802, 3
258, 98793, 3
259, 98793, 3
259, 98796, 3
259, 98802, 3
259, 98799, 3
259, 98793, 3
259, 98786, 3
258, 98793, 3
258, 98799, 3
258, 98793, 3
258, 98802, 3
258, 98793, 3
258, 98786, 3
258, 98796, 3
258, 98793, 3
258, 98786, 3
258, 98802, 3
258, 98788, 3
258, 98783, 3
258, 98793, 3
258, 98796, 3
258, 98799, 3
258, 98799, 3
258, 98802, 3
258, 98793, 3
258, 98805, 3
258, 98793, 3
258, 98799, 3
258, 98796, 3
258, 98805, 3
258, 98805, 3
258, 98796, 3
258, 98799, 3
258, 98796, 3
258, 98793, 3
258, 98796, 3
258, 98796, 3
258, 98805, 3
258, 98793, 3
258, 98786, 3
258, 98799, 3
258, 98796, 3
258, 98805, 3
258, 98799, 3
258, 98799, 3
258, 98786, 3
258, 98796, 3
258, 98802, 3
258, 98805, 3
258, 98802, 3
259, 98799, 3
259, 98793, 3
259, 98805, 3
259, 98796, 3
259, 98799, 3
259, 98802, 3
259, 98796, 3
259, 98802, 3
259, 98802, 3
259, 98805, 3
259, 98805, 3
259, 98805, 3
259, 98805, 3
259, 98807, 3
259, 98802, 3
259, 98802, 3
259, 98802, 3
259, 98799, 3
259, 98807, 3
259, 98799, 3
259, 98802, 3
259, 98802, 3
259, 98805, 3
259, 98805, 3
259, 98802, 3
259, 98796, 3
259, 98807, 3
259, 98807, 3
259, 98807, 3
259, 98807, 3
259, 98813, 3
259, 98813, 3
259, 98816, 3
259, 98796, 3
259, 98796, 3
259, 98802, 3
258, 98807, 3
258, 98810, 3
258, 98799, 3
257, 98802, 3
257, 98808, 3
257, 98813, 3
257, 98796, 3
257, 98802, 3
257, 98805, 3
257, 98805, 3
257, 98808, 3
257, 98799, 3
257, 98802, 3
257, 98805, 3
257, 98805, 3
257, 98805, 3
257, 98805, 3
257, 98802, 3
257, 98805, 3
257, 98805, 3
257, 98808, 3
257, 98805, 3
257, 98813, 3
257, 98813, 3
257, 98819, 3
257, 98811, 3
257, 98808, 3
257, 98811, 3
257, 98816, 3
257, 98802, 3
257, 98802, 3
257, 98814, 3
257, 98811, 3
257, 98796, 3
257, 98813, 3
257, 98808, 3
257, 98802, 3
257, 98805, 3
257, 98813, 3
257, 98811, 3
257, 98813, 3
257, 98808, 3
257, 98813, 3
257, 98825, 3
257, 98811, 3
257, 98813, 3
257, 98811, 3
257, 98813, 3
257, 98816, 3
258, 98808, 3
258, 98813, 3
258, 98813, 3
258, 98808, 3
258, 98811, 3
258, 98816, 3
258, 98810, 3
258, 98813, 3
258, 98813, 3
258, 98816, 3
258, 98808, 3
258, 98825, 3
258, 98813, 3
258, 98810, 3
258, 98819, 3
258, 98822, 3
258, 98816, 3
258, 98816, 3
258, 98813, 3
258, 98819, 3
258, 98810, 3
258, 98810, 3
258, 98816, 3
258, 98819, 3
258, 98805, 3
258, 98816, 3
258, 98808, 3
258, 98808, 3
258, 98813, 3
258, 98813, 3
258, 98816, 3
258, 98813, 3
258, 98813, 3
258, 98816, 3
258, 98808, 3
258, 98808, 3
258, 98822, 3
258, 98825, 3
258, 98810, 3
258, 98816, 3
258, 98816, 3
258, 98813, 3
258, 98816, 3
258, 98810, 3
258, 98826, 3
258, 98808, 3
258, 98822, 3
258, 98816, 3
258, 98819, 3
258, 98813, 3
258, 98822, 3
258, 98813, 3
258, 98813, 3
258, 98808, 3
258, 98816, 3
258, 98813, 3
258, 98816, 3
258, 98816, 4
258, 98808, 4
258, 98816, 4
258, 98810, 4
258, 98808, 4
258, 98825, 4
258, 98805, 4
258, 98805, 4
258, 98816, 4
258, 98805, 4
258, 98810, 4
258, 98819, 4
258, 98816, 4
258, 98805, 4
258, 98808, 4
258, 98816, 4
258, 98808, 4
258, 98813, 4
258, 98813, 4
258, 98805, 4
259, 98819, 4
258, 98810, 4
258, 98810, 4
258, 98813, 4
259, 98813, 4
259, 98816, 4
258, 98796, 4
258, 98805, 4
259, 98805, 4
259, 98807, 4
259, 98810, 4
258, 98799, 4
259, 98805, 4
259, 98805, 4
259, 98813, 4
259, 98805, 4
259, 98805, 4
259, 98802, 4
259, 98810, 4
259, 98805, 4
259, 98807, 4
259, 98805, 4
259, 98805, 4
259, 98810, 4
258, 98799, 4
259, 98799, 4
259, 98805, 4
259, 98805, 4
259, 98810, 4
259, 98813, 4
259, 98802, 4
259, 98802, 4
258, 98799, 4
258, 98805, 4
258, 98808, 4
258, 98805, 4
258, 98805, 4
258, 98808, 4
258, 98810, 4
258, 98810, 4
258, 98808, 4
258, 98793, 4
258, 98808, 4
258, 98805, 4
258, 98808, 4
258, 98808, 4
258, 98819, 4
258, 98805, 4
258, 98816, 4
258, 98802, 4
258, 98805, 4
258, 98802, 4
258, 98808, 4
258, 98805, 4
258, 98805, 4
258, 98799, 4
258, 98810, 4
258, 98802, 4
258, 98810, 4
258, 98802, 4
258, 98808, 4
258, 98808, 4
258, 98816, 4
258, 98805, 4
258, 98810, 4
258, 98805, 4
258, 98799, 4
258, 98805, 4
258, 98810, 4
258, 98808, 4
258, 98808, 4
258, 98808, 4
258, 98808, 4
258, 98799, 4
258, 98813, 4
258, 98802, 4
258, 98808, 4
258, 98810, 4
258, 98796, 4
258, 98802, 4
259, 98807, 4
259, 98805, 4
259, 98810, 4
259, 98813, 4
259, 98799, 4
259, 98802, 4
259, 98816, 4
259, 98813, 4
259, 98807, 4
259, 98810, 4
259, 98816, 4
259, 98802, 4
259, 98796, 4
259, 98807, 4
259, 98805, 4
259, 98813, 4
259, 98810, 4
259, 98813, 3
259, 98807, 4
259, 98813, 4
259, 98813, 4
259, 98807, 4
259, 98813, 4
259, 98802, 4
259, 98805, 4
259, 98802, 4
259, 98807, 4
259, 98807, 4
259, 98807, 4
259, 98807, 4
259, 98802, 4
259, 98805, 4
259, 98810, 4
259, 98813, 4
258, 98805, 4
259, 98805, 4
259, 98805, 4
259, 98810, 4
259, 98805, 4
259, 98802, 4
258, 98807, 4
259, 98805, 4
259, 98802, 4
259, 98807, 4
259, 98805, 4
258, 98805, 4
259, 98805, 4
258, 98796, 4
259, 98805, 4
258, 98807, 4
258, 98810, 4
259, 98796, 4
259, 98805, 4
259, 98807, 4
259, 98807, 4
259, 98813, 4
258, 98802, 4
259, 98802, 4
259, 98799, 4
259, 98807, 4
259, 98796, 4
259, 98802, 4
259, 98799, 4
259, 98802, 4
259, 98802, 4
259, 98802, 4
259, 98805, 4
259, 98805, 4
259, 98805, 4
259, 98799, 4
259, 98813, 4
259, 98802, 4
259, 98805, 4
259, 98799, 4
259, 98805, 4
259, 98805, 4
259, 98788, 4
259, 98807, 4
259, 98799, 4
259, 98796, 4
259, 98802, 4
259, 98796, 4
259, 98796, 4
259, 98793, 4
259, 98799, 4
259, 98813, 4
259, 98810, 4
259, 98802, 4
259, 98813, 4
259, 98805, 4
259, 98810, 4
259, 98796, 4
259, 98799, 4
259, 98796, 4
259, 98805, 4
259, 98802, 4
259, 98805, 4
259, 98813, 4
259, 98805, 4
259, 98807, 4
259, 98796, 4
259, 98793, 4
259, 98793, 4
259, 98810, 4
259, 98799, 4
259, 98805, 4
259, 98799, 4
259, 98807, 4
259, 98799, 4
259, 98802, 4
259, 98805, 4
259, 98799, 4
259, 98807, 4
259, 98802, 4
259, 98804, 4
259, 98810, 4
259, 98802, 4
259, 98807, 4
259, 98805, 4
259, 98796, 4
259, 98799, 4
259, 98804, 4
259, 98807, 4
259, 98810, 4
259, 98804, 4
259, 98816, 4
259, 98802, 4
259, 98807, 4
259, 98819, 4
259, 98810, 4
259, 98810, 4
259, 98807, 4
259, 98802, 4
259, 98807, 4
259, 98816, 4
259, 98810, 4
259, 98804, 4
259, 98804, 4
259, 98804, 4
259, 98807, 4
259, 98799, 4
259, 98802, 4
259, 98819, 4
259, 98807, 4
259, 98824, 4
259, 98816, 4
259, 98810, 4
259, 98813, 4
259, 98793, 4
259, 98807, 4
259, 98807, 4
259, 98822, 4
259, 98802, 4
259, 98816, 4
259, 98813, 4
259, 98810, 4
259, 98810, 4
259, 98802, 4
259, 98810, 4
259, 98807, 4
259, 98793, 4
259, 98810, 4
259, 98807, 4
259, 98807, 4
259, 98807, 4
259, 98807, 4
259, 98813, 4
259, 98816, 4
259, 98810, 4
259, 98810, 4
259, 98807, 4
259, 98807, 4
259, 98802, 4
259, 98802, 4
259, 98807, 4
260, 98810, 4
260, 98802, 4
260, 98804, 4
260, 98813, 4
260, 98799, 4
260, 98824, 4
260, 98804, 4
260, 98813, 4
260, 98804, 4
260, 98804, 4
260, 98807, 4
260, 98801, 4
260, 98819, 4
260, 98804, 4
260, 98813, 4
260, 98801, 4
260, 98810, 4
260, 98804, 4
260, 98813, 4
260, 98810, 4
260, 98813, 4
260, 98804, 4
260, 98799, 4
260, 98810, 4
260, 98810, 4
260, 98816, 4
260, 98816, 4
260, 98810, 4
260, 98799, 4
260, 98807, 4
260, 98810, 4
259, 98804, 4
260, 98821, 4
260, 98810, 4
260, 98799, 4
259, 98802, 4
260, 98810, 4
259, 98802, 4
259, 98802, 4
259, 98799, 4
259, 98804, 4
259, 98804, 4
259, 98810, 4
259, 98799, 4
259, 98804, 4
260, 98807, 4
259, 98802, 4
259, 98799, 4
260, 98813, 4
259, 98807, 4
259, 98796, 4
259, 98804, 4
259, 98799, 4
259, 98799, 4
259, 98796, 4
259, 98819, 4
259, 98816, 4
259, 98802, 4
259, 98802, 4
259, 98804, 4
260, 98807, 4
259, 98807, 4
260, 98804, 4
260, 98810, 4
260, 98802, 4
260, 98804, 4
260, 98804, 4
260, 98799, 4
259, 98807, 4
260, 98804, 4
260, 98802, 4
260, 98807, 4
260, 98793, 4
260, 98802, 4
260, 98804, 4
260, 98807, 4
259, 98802, 4
260, 98802, 4
260, 98810, 4
260, 98793, 4
260, 98802, 4
260, 98799, 4
259, 98802, 4
260, 98816, 4
260, 98802, 4
260, 98802, 4
259, 98804, 4
260, 98802, 4
260, 98804, 4
259, 98807, 4
259, 98804, 4
259, 98810, 4
259, 98802, 4
259, 98807, 4
259, 98802, 4
259, 98799, 4
259, 98813, 4
259, 98804, 4
259, 98799, 4
259, 98802, 4
259, 98799, 4
259, 98802, 4
259, 98807, 4
259, 98799, 4
259, 98793, 4
259, 98807, 4
259, 98802, 4
259, 98807, 4
260, 98804, 4
259, 98799, 4
260, 98807, 4
260, 98802, 4
259, 98796, 4
259, 98796, 4
260, 98810, 4
259, 98793, 4
260, 98810, 4
259, 98804, 4
259, 98793, 4
260, 98807, 4
260, 98802, 4
259, 98796, 4
260, 98796, 4
260, 98802, 4
260, 98799, 4
260, 98799, 4
260, 98804, 4
260, 98804, 4
260, 98799, 4
260, 98802, 4
260, 98810, 4
260, 98785, 4
260, 98802, 4
260, 98796, 4
260, 98802, 4
260, 98793, 4
260, 98796, 4
260, 98796, 4
260, 98785, 4
260, 98793, 4
260, 98788, 4
260, 98793, 4
260, 98793, 4
260, 98793, 4
260, 98788, 4
260, 98788, 4
260, 98785, 4
260, 98799, 4
260, 98801, 4
260, 98785, 4
260, 98796, 4
260, 98785, 4
260, 98793, 4
260, 98799, 4
260, 98793, 4
260, 98801, 4
260, 98796, 4
260, 98793, 4
260, 98785, 4
260, 98785, 4
259, 98788, 4
259, 98788, 4
259, 98793, 4
260, 98796, 4
260, 98804, 4
260, 98793, 4
260, 98782, 4
259, 98782, 4
260, 98788, 4
260, 98793, 4
260, 98799, 4
260, 98782, 4
260, 98793, 4
260, 98793, 4
260, 98799, 4
260, 98777, 4
260, 98788, 4
260, 98799, 4
260, 98799, 4
260, 98785, 4
260, 98785, 4
260, 98799, 4
260, 98793, 4
260, 98799, 4
260, 98793, 4
260, 98796, 4
260, 98785, 4
260, 98793, 4
260, 98804, 4
260, 98796, 4
260, 98788, 4
260, 98782, 4
260, 98793, 4
260, 98788, 4
260, 98782, 4
260, 98796, 4
260, 98796, 4
260, 98799, 4
260, 98793, 4
260, 98785, 4
260, 98799, 4
260, 98801, 4
260, 98793, 4
260, 98793, 4
260, 98788, 4
260, 98788, 4
260, 98793, 4
260, 98799, 4
260, 98785, 4
260, 98793, 4
260, 98788, 4
260, 98799, 4
260, 98785, 4
260, 98785, 4
260, 98799, 4
260, 98782, 4
260, 98793, 4
260, 98799, 4
260, 98793, 4
260, 98796, 4
260, 98793, 4
260, 98799, 4
260, 98796, 5
260, 98793, 4
260, 98799, 5
260, 98793, 4
259, 98788, 5
259, 98785, 4
260, 98788, 5
260, 98793, 4
260, 98785, 5
260, 98804, 5
260, 98785, 5
260, 98785, 5
259, 98788, 5
259, 98788, 5
260, 98793, 5
260, 98802, 5
260, 98801, 5
260, 98785, 5
260, 98799, 5
260, 98788, 5
260, 98796, 5
259, 98782, 5
260, 98793, 5
260, 98782, 5
260, 98799, 5
260, 98774, 5
260, 98785, 5
260, 98793, 5
260, 98782, 5
260, 98796, 5
260, 98788, 5
260, 98793, 5
260, 98796, 5
259, 98780, 5
260, 98793, 5
259, 98788, 5
259, 98777, 5
260, 98796, 5
259, 98788, 5
259, 98788, 5
259, 98796, 5
259, 98788, 5
259, 98780, 5
259, 98777, 5
259, 98783, 5
259, 98796, 5
259, 98788, 5
259, 98785, 5
259, 98783, 5
259, 98780, 5
259, 98782, 5
259, 98788, 5
259, 98793, 5
259, 98788, 5
259, 98785, 5
259, 98793, 5
259, 98788, 5
259, 98780, 5
259, 98777, 5
259, 98785, 5
259, 98785, 5
259, 98788, 5
259, 98783, 5
259, 98793, 5
259, 98788, 5
259, 98788, 5
259, 98788, 5
259, 98783, 5
259, 98777, 5
259, 98765, 5
259, 98783, 5
259, 98785, 5
259, 98788, 5
259, 98780, 5
259, 98777, 5
259, 98785, 5
259, 98783, 5
259, 98783, 5
259, 98785, 5
259, 98783, 5
259, 98785, 5
259, 98783, 5
259, 98796, 5
259, 98780, 5
259, 98788, 5
259, 98793, 5
259, 98780, 5
259, 98780, 5
259, 98793, 5
259, 98785, 5
259, 98793, 5
259, 98799, 5
259, 98780, 5
259, 98788, 5
259, 98783, 5
259, 98783, 5
259, 98777, 5
259, 98788, 5
259, 98783, 5
259, 98788, 5
259, 98777, 5
259, 98788, 5
259, 98780, 5
259, 98788, 5
259, 98788, 5
259, 98796, 5
259, 98783, 5
259, 98786, 5
259, 98777, 5
259, 98783, 5
259, 98777, 5
259, 98785, 5
259, 98785, 5
259, 98783, 5
259, 98766, 5
259, 98793, 5
259, 98774, 5
259, 98783, 5
259, 98780, 5
259, 98793, 5
259, 98783, 5
259, 98777, 5
259, 98777, 5
259, 98785, 5
259, 98783, 5
259, 98783, 5
259, 98785, 5
259, 98780, 5
259, 98785, 5
259, 98788, 5
259, 98783, 5
259, 98786, 5
259, 98783, 5
259, 98780, 5
259, 98780, 5
259, 98777, 5
259, 98774, 5
259, 98783, 5
259, 98783, 5
259, 98783, 5
258, 98786, 5
258, 98799, 5
258, 98788, 5
258, 98777, 5
258, 98786, 5
258, 98786, 5
258, 98771, 5
258, 98780, 5
258, 98777, 5
258, 98780, 5
258, 98786, 5
258, 98783, 5
259, 98793, 5
259, 98783, 5
258, 98783, 5
258, 98780, 5
259, 98780, 5
258, 98780, 5
258, 98793, 5
258, 98777, 5
258, 98788, 5
258, 98788, 5
258, 98793, 5
258, 98774, 5
259, 98786, 5
259, 98777, 5
258, 98774, 5
258, 98777, 5
258, 98780, 5
258, 98763, 5
258, 98780, 5
258, 98771, 5
258, 98780, 5
258, 98777, 5
258, 98771, 5
258, 98780, 5
258, 98769, 5
258, 98786, 5
258, 98780, 5
258, 98771, 5
258, 98780, 5
258, 98771, 5
258, 98769, 5
258, 98780, 5
258, 98777, 5
258, 98771, 5
258, 98777, 5
258, 98771, 5
258, 98769, 5
258, 98769, 5
258, 98774, 5
258, 98777, 5
258, 98774, 5
258, 98763, 5
258, 98777, 5
258, 98763, 5
258, 98769, 5
258, 98777, 5
258, 98774, 5
258, 98766, 5
258, 98777, 5
258, 98774, 5
258, 98760, 5
258, 98771, 5
258, 98774, 5
258, 98771, 5
258, 98760, 5
258, 98774, 5
258, 98766, 5
258, 98771, 5
258, 98766, 5
258, 98771, 5
258, 98771, 5
258, 98777, 5
258, 98757, 5
258, 98771, 5
258, 98766, 5
258, 98769, 5
258, 98769, 5
258, 98771, 5
258, 98763, 5
258, 98774, 5
258, 98769, 5
258, 98763, 5
258, 98769, 5
258, 98760, 5
258, 98766, 5
258, 98763, 5
258, 98760, 5
258, 98766, 5
258, 98771, 5
258, 98760, 5
258, 98763, 5
258, 98766, 5
258, 98763, 5
257, 98769, 5
257, 98760, 5
257, 98766, 6
257, 98763, 6
257, 98766, 6
257, 98766, 6
257, 98772, 6
257, 98763, 6
257, 98757, 5
257, 98763, 6
257, 98755, 6
257, 98766, 6
257, 98763, 6
257, 98760, 6
257, 98763, 6
257, 98746, 6
257, 98769, 6
257, 98766, 6
257, 98755, 6
257, 98763, 6
257, 98760, 6
257, 98760, 6
257, 98766, 6
257, 98769, 6
257, 98755, 6
257, 98760, 6
257, 98760, 6
257, 98766, 6
257, 98763, 6
257, 98766, 6
257, 98766, 6
257, 98757, 6
257, 98760, 6
257, 98772, 6
257, 98760, 6
257, 98760, 6
257, 98760, 6
257, 98760, 6
257, 98766, 6
257, 98763, 6
257, 98766, 6
257, 98760, 6
257, 98760, 6
257, 98763, 6
257, 98755, 6
257, 98757, 6
257, 98757, 6
257, 98769, 6
257, 98760, 6
257, 98757, 6
257, 98757, 6
257, 98760, 6
257, 98749, 6
257, 98760, 6
257, 98763, 6
257, 98757, 6
257, 98763, 6
257, 98752, 6
257, 98760, 6
257, 98760, 6
257, 98760, 6
257, 98760, 6
257, 98763, 6
257, 98772, 6
257, 98760, 5
257, 98760, 6
257, 98755, 6
257, 98760, 6
257, 98760, 5
257, 98757, 5
257, 98763, 5
257, 98760, 5
257, 98752, 5
257, 98755, 6
257, 98752, 6
257, 98763, 6
257, 98763, 6
257, 98757, 6
257, 98763, 6
257, 98769, 6
257, 98743, 6
257, 98760, 6
257, 98763, 6
257, 98760, 6
257, 98760, 6
257, 98766, 6
257, 98752, 6
257, 98760, 6
257, 98766, 6
257, 98763, 6
257, 98749, 6
257, 98760, 6
257, 98755, 6
257, 98763, 6
257, 98760, 6
257, 98757, 6
257, 98755, 6
257, 98755, 6
257, 98766, 6
257, 98772, 6
257, 98749, 6
257, 98766, 6
257, 98752, 6
257, 98760, 6
257, 98757, 6
257, 98760, 6
257, 98766, 6
257, 98749, 6
257, 98760, 6
257, 98755, 6
257, 98757, 6
257, 98760, 6
257, 98755, 6
257, 98769, 6
257, 98755, 6
257, 98763, 6
257, 98755, 6
257, 98755, 6
257, 98757, 6
257, 98755, 6
257, 98760, 6
257, 98763, 6
257, 98757, 6
257, 98760, 6
257, 98755, 6
257, 98757, 6
257, 98763, 6
257, 98760, 6
257, 98760, 6
257, 98769, 6
257, 98760, 6
257, 98763, 6
257, 98749, 6
257, 98757, 6
257, 98763, 6
257, 98758, 6
257, 98760, 6
257, 98763, 6
257, 98766, 6
257, 98769, 6
257, 98757, 6
257, 98755, 6
257, 98760, 6
257, 98769, 6
257, 98760, 6
257, 98766, 6
257, 98775, 6
257, 98772, 6
257, 98763, 6
257, 98760, 6
257, 98755, 6
257, 98775, 6
257, 98772, 6
257, 98772, 6
257, 98766, 6
257, 98755, 6
257, 98760, 6
257, 98772, 6
257, 98763, 6
257, 98763, 6
257, 98760, 6
257, 98763, 6
257, 98775, 6
257, 98766, 6
257, 98772, 6
257, 98766, 6
257, 98766, 6
257, 98758, 6
257, 98777, 6
257, 98772, 6
257, 98769, 6
257, 98772, 6
257, 98766, 6
257, 98769, 6
257, 98766, 6
257, 98772, 6
257, 98763, 6
257, 98775, 6
257, 98775, 6
257, 98769, 6
257, 98775, 6
257, 98772, 6
256, 98769, 6
257, 98766, 5
257, 98758, 6
257, 98772, 6
256, 98772, 6
257, 98775, 5
256, 98758, 5
256, 98769, 5
256, 98763, 5
256, 98763, 5
256, 98769, 5
256, 98758, 5
256, 98772, 5
256, 98763, 5
256, 98766, 5
256, 98769, 5
256, 98769, 5
256, 98761, 5
256, 98769, 5
256, 98775, 5
256, 98769, 5
256, 98766, 5
256, 98763, 5
256, 98769, 5
256, 98766, 5
256, 98752, 5
256, 98758, 5
256, 98766, 6
256, 98769, 6
256, 98775, 6
256, 98766, 6
256, 98775, 6
256, 98772, 6
256, 98763, 6
256, 98758, 6
256, 98769, 6
256, 98769, 6
256, 98772, 6
256, 98766, 6
256, 98769, 6
256, 98766, 6
256, 98769, 6
256, 98772, 6
256, 98761, 6
256, 98775, 6
256, 98766, 6
256, 98763, 6
256, 98766, 6
256, 98769, 6
256, 98766, 6
256, 98769, 6
256, 98769, 6
256, 98763, 6
256, 98775, 6
256, 98769, 6
256, 98761, 6
256, 98769, 6
256, 98763, 6
256, 98775, 6
256, 98772, 6
256, 98763, 6
256, 98763, 6
256, 98766, 6
256, 98772, 6
256, 98772, 6
256, 98763, 6
256, 98763, 6
256, 98760, 6
256, 98763, 6
256, 98763, 6
256, 98763, 6
256, 98763, 6
256, 98769, 6
256, 98760, 6
256, 98763, 6
256, 98752, 6
256, 98758, 6
256, 98763, 6
256, 98769, 6
256, 98752, 6
256, 98763, 6
256, 98752, 6
256, 98766, 6
256, 98763, 6
256, 98769, 6
256, 98758, 6
256, 98758, 6
256, 98775, 6
256, 98769, 6
256, 98772, 6
256, 98758, 6
256, 98769, 6
256, 98752, 6
256, 98769, 6
256, 98761, 6
256, 98775, 6
256, 98763, 6
256, 98763, 6
256, 98763, 6
256, 98766, 6
256, 98766, 6
256, 98763, 6
256, 98761, 6
256, 98761, 6
256, 98766, 6
256, 98763, 6
256, 98763, 6
256, 98772, 6
256, 98755, 6
256, 98766, 6
256, 98769, 6
256, 98772, 6
256, 98769, 6
256, 98766, 6
256, 98758, 6
256, 98769, 6
256, 98763, 6
256, 98763, 6
256, 98761, 6
256, 98761, 6
256, 98758, 6
256, 98775, 6
256, 98778, 6
256, 98769, 6
256, 98769, 6
256, 98763, 6
256, 98766, 6
256, 98766, 6
256, 98763, 6
256, 98763, 6
256, 98775, 6
256, 98772, 6
256, 98769, 6
256, 98763, 6
256, 98769, 6
256, 98775, 6
256, 98769, 6
256, 98763, 6
256, 98766, 6
256, 98769, 6
256, 98766, 6
256, 98769, 6
256, 98766, 6
256, 98775, 6
256, 98769, 6
256, 98778, 6
256, 98775, 6
256, 98775, 6
256, 98769, 6
256, 98769, 6
256, 98766, 6
256, 98769, 6
256, 98769, 6
256, 98766, 6
255, 98766, 6
255, 98766, 6
255, 98775, 6
255, 98769, 6
256, 98772, 6
255, 98769, 6
255, 98769, 6
255, 98772, 6
255, 98769, 6
255, 98775, 6
255, 98772, 6
255, 98775, 6
255, 98764, 6
255, 98764, 6
255, 98772, 6
255, 98772, 6
255, 98769, 6
255, 98764, 6
255, 98772, 6
255, 98769, 6
255, 98769, 6
255, 98767, 6
255, 98778, 6
255, 98769, 6
255, 98769, 6
255, 98772, 6
255, 98775, 6
255, 98769, 6
255, 98775, 6
255, 98772, 6
255, 98778, 6
255, 98769, 6
255, 98769, 6
255, 98772, 6
255, 98778, 6
255, 98781, 6
255, 98775, 6
255, 98778, 6
255, 98772, 6
255, 98775, 6
255, 98772, 6
255, 98786, 6
255, 98769, 6
255, 98775, 6
255, 98772, 6
255, 98775, 6
255, 98781, 6
255, 98769, 6
255, 98778, 6
255, 98775, 6
255, 98778, 6
255, 98791, 6
255, 98775, 6
255, 98769, 6
255, 98781, 6
255, 98784, 6
255, 98769, 6
255, 98778, 6
255, 98778, 6
255, 98772, 6
254, 98778, 6
254, 98772, 6
254, 98778, 6
254, 98784, 6
254, 98778, 6
254, 98778, 6
254, 98781, 6
254, 98778, 6
254, 98784, 6
254, 98784, 6
254, 98787, 6
254, 98784, 6
254, 98778, 6
253, 98778, 6
253, 98773, 6
253, 98778, 6
253, 98776, 6
253, 98781, 6
253, 98781, 6
253, 98787, 6
253, 98773, 6
253, 98779, 6
253, 98784, 6
253, 98773, 6
253, 98779, 6
253, 98776, 6
253, 98787, 6
253, 98781, 6
253, 98792, 6
252, 98776, 6
253, 98787, 6
252, 98779, 6
252, 98781, 6
252, 98773, 6
252, 98779, 6
252, 98784, 6
252, 98787, 6
252, 98773, 6
252, 98773, 6
252, 98787, 6
252, 98779, 6
252, 98784, 6
252, 98782, 6
252, 98792, 6
251, 98801, 6
251, 98782, 6
251, 98782, 6
251, 98779, 6
251, 98785, 6
251, 98792, 6
250, 98779, 6
250, 98785, 6
250, 98793, 6
250, 98779, 6
250, 98785, 6
250, 98779, 6
250, 98785, 6
250, 98776, 6
250, 98776, 6
250, 98785, 6
250, 98771, 6
250, 98782, 6
250, 98793, 6
249, 98782, 6
249, 98785, 6
249, 98788, 6
249, 98782, 6
249, 98788, 6
249, 98793, 6
249, 98793, 6
249, 98788, 6
249, 98777, 6
249, 98785, 6
249, 98782, 6
249, 98793, 6
249, 98793, 6
248, 98788, 6
248, 98796, 6
248, 98785, 6
248, 98788, 6
248, 98785, 6
248, 98793, 6
248, 98799, 6
248, 98788, 6
248, 98793, 6
248, 98802, 6
248, 98785, 6
248, 98796, 6
248, 98802, 6
248, 98788, 6
248, 98788, 6
248, 98783, 6
248, 98793, 6
248, 98780, 6
248, 98780, 6
248, 98788, 6
248, 98788, 6
248, 98788, 6
248, 98780, 6
248, 98793, 6
248, 98785, 6
248, 98793, 6
248, 98793, 6
248, 98785, 6
248, 98793, 6
248, 98793, 6
248, 98799, 6
248, 98788, 6
248, 98793, 6
248, 98793, 6
248, 98793, 6
248, 98804, 6
248, 98799, 6
248, 98802, 6
247, 98783, 6
247, 98793, 6
247, 98796, 6
247, 98799, 6
247, 98783, 6
247, 98786, 6
247, 98796, 6
247, 98786, 6
247, 98796, 6
247, 98793, 6
247, 98796, 6
247, 98799, 6
247, 98786, 6
247, 98799, 6
247, 98791, 6
247, 98796, 6
247, 98802, 6
247, 98805, 6
247, 98808, 6
247, 98799, 6
247, 98799, 6
247, 98793, 6
247, 98799, 6
247, 98799, 6
247, 98783, 6
247, 98796, 6
247, 98796, 6
247, 98791, 6
247, 98791, 6
247, 98802, 6
247, 98786, 6
247, 98796, 6
247, 98799, 6
247, 98786, 6
247, 98796, 6
247, 98791, 6
246, 98793, 6
247, 98796, 6
246, 98783, 6
246, 98791, 6
246, 98783, 6
246, 98791, 6
246, 98786, 6
246, 98791, 6
246, 98791, 6
246, 98783, 6
246, 98786, 6
246, 98791, 6
246, 98794, 6
246, 98786, 6
246, 98796, 6
246, 98791, 6
246, 98799, 7
246, 98796, 6
246, 98796, 7
246, 98791, 6
247, 98791, 6
246, 98793, 7
247, 98802, 6
247, 98783, 6
247, 98793, 6
247, 98786, 6
247, 98786, 6
247, 98783, 7
247, 98793, 6
247, 98793, 6
247, 98786, 6
247, 98791, 7
247, 98796, 6
247, 98783, 6
247, 98796, 6
246, 98791, 6
246, 98796, 7
246, 98796, 7
246, 98796, 6
247, 98793, 6
247, 98786, 6
247, 98786, 6
247, 98793, 6
247, 98783, 6
247, 98791, 7
247, 98802, 7
247, 98793, 7
247, 98786, 7
247, 98786, 7
247, 98799, 7
247, 98799, 7
247, 98791, 7
247, 98786, 7
246, 98791, 7
246, 98786, 7
246, 98796, 7
246, 98786, 7
246, 98802, 7
247, 98799, 7
246, 98793, 7
246, 98796, 7
246, 98791, 7
246, 98793, 7
246, 98796, 7
247, 98796, 7
247, 98791, 7
246, 98796, 7
246, 98783, 7
247, 98793, 7
247, 98791, 7
247, 98793, 7
247, 98786, 7
247, 98793, 7
247, 98791, 7
247, 98799, 7
247, 98791, 7
247, 98796, 7
247, 98802, 7
247, 98793, 7
247, 98799, 7
247, 98793, 7
247, 98786, 7
247, 98786, 7
247, 98796, 7
247, 98793, 7
247, 98802, 7
247, 98799, 7
247, 98791, 7
247, 98791, 7
247, 98786, 7
247, 98786, 7
247, 98791, 7
247, 98796, 7
247, 98796, 7
247, 98802, 7
247, 98796, 7
247, 98783, 7
247, 98786, 6
247, 98791, 6
247, 98780, 7
247, 98791, 7
247, 98805, 7
247, 98777, 7
247, 98788, 7
247, 98780, 7
247, 98788, 7
247, 98796, 7
247, 98788, 7
247, 98786, 7
247, 98796, 7
247, 98783, 7
247, 98793, 7
247, 98783, 7
247, 98777, 7
247, 98799, 7
247, 98777, 7
247, 98783, 7
247, 98777, 7
247, 98783, 7
248, 98783, 7
247, 98786, 7
247, 98783, 7
247, 98774, 7
247, 98793, 7
247, 98783, 7
248, 98788, 7
247, 98780, 7
247, 98783, 7
247, 98793, 7
247, 98780, 7
248, 98788, 7
248, 98780, 7
248, 98788, 7
248, 98783, 7
248, 98777, 7
248, 98780, 7
248, 98783, 7
248, 98780, 7
248, 98786, 7
248, 98780, 7
248, 98780, 7
248, 98777, 7
248, 98785, 7
248, 98783, 7
248, 98785, 7
248, 98780, 7
248, 98771, 7
248, 98768, 7
248, 98785, 7
248, 98777, 7
248, 98785, 7
248, 98783, 7
248, 98783, 7
248, 98768, 7
248, 98783, 7
248, 98768, 7
248, 98782, 7
248, 98785, 7
248, 98777, 7
248, 98777, 7
248, 98771, 7
248, 98785, 7
248, 98782, 7
248, 98780, 7
248, 98782, 7
248, 98774, 7
248, 98774, 7
248, 98774, 7
248, 98768, 7
248, 98774, 7
248, 98774, 7
248, 98785, 7
248, 98780, 7
249, 98780, 7
249, 98785, 7
249, 98780, 7
249, 98774, 7
249, 98774, 7
248, 98782, 7
249, 98777, 7
249, 98785, 7
248, 98780, 7
249, 98774, 7
248, 98765, 7
248, 98774, 7
248, 98763, 7
248, 98780, 7
249, 98780, 7
249, 98774, 7
249, 98785, 7
249, 98782, 7
248, 98774, 7
249, 98780, 7
248, 98777, 7
249, 98793, 7
248, 98774, 7
248, 98782, 7
248, 98785, 7
248, 98780, 7
248, 98780, 7
248, 98774, 7
249, 98785, 7
249, 98785, 7
249, 98777, 7
249, 98785, 7
249, 98780, 7
249, 98777, 7
249, 98785, 7
249, 98774, 7
249, 98785, 7
249, 98780, 7
249, 98788, 7
249, 98780, 7
249, 98774, 7
249, 98777, 7
249, 98782, 7
249, 98780, 7
249, 98774, 7
249, 98782, 7
249, 98779, 7
249, 98774, 7
249, 98779, 7
249, 98774, 7
249, 98779, 7
249, 98779, 7
249, 98785, 7
249, 98777, 7
249, 98777, 7
249, 98785, 7
250, 98777, 7
250, 98776, 7
250, 98774, 7
250, 98776, 7
250, 98776, 7
250, 98776, 7
250, 98779, 7
250, 98785, 7
250, 98776, 7
250, 98785, 7
250, 98788, 7
250, 98776, 7
250, 98771, 7
250, 98776, 7
250, 98779, 7
249, 98777, 7
249, 98782, 7
249, 98788, 7
250, 98779, 7
249, 98777, 7
250, 98774, 7
250, 98779, 7
250, 98777, 7
250, 98779, 7
250, 98782, 7
250, 98785, 7
250, 98779, 7
250, 98782, 7
250, 98771, 7
250, 98779, 7
250, 98788, 7
250, 98782, 7
250, 98782, 7
250, 98788, 7
250, 98776, 7
250, 98785, 7
250, 98774, 7
250, 98768, 7
250, 98774, 7
250, 98776, 7
250, 98765, 7
250, 98774, 7
250, 98774, 7
250, 98782, 7
250, 98776, 7
250, 98774, 7
250, 98773, 7
250, 98782, 7
250, 98771, 7
250, 98773, 7
250, 98785, 7
250, 98779, 7
250, 98782, 7
250, 98771, 7
250, 98776, 7
250, 98779, 7
250, 98774, 7
250, 98785, 7
250, 98771, 7
250, 98776, 7
250, 98771, 7
250, 98776, 7
250, 98782, 7
250, 98773, 7
250, 98785, 7
250, 98776, 7
250, 98768, 7
250, 98779, 7
250, 98776, 7
250, 98773, 7
250, 98765, 7
250, 98776, 7
250, 98773, 7
250, 98773, 7
251, 98785, 7
250, 98773, 7
251, 98779, 7
251, 98776, 7
251, 98785, 7
251, 98771, 7
251, 98788, 7
251, 98785, 7
251, 98768, 7
251, 98779, 7
251, 98773, 7
251, 98779, 7
251, 98768, 7
251, 98776, 7
251, 98776, 7
251, 98771, 7
251, 98773, 7
251, 98788, 7
251, 98776, 7
251, 98779, 7
251, 98773, 7
251, 98779, 7
251, 98782, 7
251, 98770, 7
251, 98773, 7
251, 98773, 7
251, 98779, 7
251, 98779, 7
251, 98779, 7
251, 98779, 7
251, 98779, 7
251, 98785, 7
251, 98773, 7
251, 98779, 7
251, 98779, 7
251, 98776, 7
251, 98770, 7
251, 98782, 7
251, 98779, 7
251, 98776, 7
251, 98776, 7
251, 98779, 7
251, 98776, 7
251, 98779, 7
251, 98792, 7
251, 98792, 7
251, 98782, 7
251, 98787, 7
251, 98785, 7
251, 98776, 7
251, 98782, 7
251, 98779, 7
251, 98779, 7
251, 98779, 7
251, 98770, 7
251, 98785, 7
251, 98782, 7
251, 98779, 7
251, 98779, 7
251, 98782, 7
252, 98792, 7
251, 98782, 7
252, 98787, 7
252, 98792, 7
252, 98784, 7
252, 98779, 7
252, 98779, 7
252, 98787, 7
252, 98776, 7
252, 98787, 7
252, 98784, 7
252, 98787, 7
252, 98784, 7
252, 98779, 7
252, 98784, 7
252, 98784, 7
252, 98784, 7
252, 98782, 7
252, 98784, 7
252, 98784, 7
252, 98784, 7
252, 98787, 7
252, 98779, 7
252, 98787, 7
252, 98782, 7
252, 98787, 7
252, 98779, 7
252, 98779, 7
252, 98787, 7
252, 98782, 7
252, 98787, 7
252, 98784, 7
252, 98776, 7
252, 98779, 7
252, 98787, 7
252, 98781, 7
252, 98776, 7
252, 98779, 7
252, 98784, 7
252, 98787, 7
252, 98784, 7
252, 98792, 7
252, 98781, 7
252, 98781, 7
252, 98779, 7
252, 98784, 7
252, 98787, 7
252, 98784, 7
253, 98792, 7
252, 98781, 7
253, 98784, 7
252, 98784, 7
252, 98787, 7
252, 98787, 7
252, 98784, 7
252, 98781, 7
252, 98779, 7
252, 98781, 7
252, 98787, 7
253, 98800, 7
252, 98792, 7
253, 98800, 7
253, 98792, 7
253, 98792, 7
253, 98781, 7
253, 98798, 7
253, 98787, 7
253, 98795, 7
253, 98787, 7
252, 98781, 7
253, 98781, 7
253, 98784, 7
253, 98787, 7
252, 98781, 7
253, 98787, 7
252, 98781, 7
252, 98779, 7
252, 98781, 7
252, 98784, 7
252, 98779, 7
252, 98779, 7
253, 98792, 7
253, 98787, 7
252, 98792, 7
252, 98781, 7
252, 98784, 7
252, 98776, 7
252, 98779, 7
252, 98784, 7
252, 98784, 7
252, 98781, 7
252, 98779, 7
252, 98798, 7
252, 98787, 7
252, 98792, 7
252, 98776, 7
252, 98784, 7
252, 98781, 7
252, 98792, 7
252, 98781, 7
252, 98792, 7
252, 98784, 7
252, 98784, 7
252, 98784, 7
252, 98787, 7
252, 98798, 7
252, 98795, 7
253, 98787, 7
253, 98795, 7
253, 98792, 7
253, 98792, 7
253, 98784, 7
253, 98784, 7
253, 98779, 7
253, 98779, 7
253, 98784, 7
253, 98787, 7
253, 98787, 7
253, 98778, 7
253, 98778, 7
253, 98778, 7
253, 98787, 7
253, 98776, 7
254, 98778, 7
253, 98775, 7
254, 98787, 7
254, 98792, 7
254, 98792, 7
254, 98773, 7
254, 98792, 7
254, 98778, 7
254, 98792, 7
254, 98781, 7
254, 98784, 7
254, 98775, 7
254, 98791, 7
254, 98781, 7
254, 98781, 7
254, 98781, 7
255, 98787, 7
255, 98784, 7
255, 98781, 7
255, 98781, 7
255, 98791, 7
255, 98775, 7
255, 98784, 7
255, 98778, 7
255, 98794, 7
255, 98781, 7
255, 98781, 7
255, 98781, 7
255, 98784, 7
255, 98791, 7
255, 98781, 7
255, 98791, 7
255, 98784, 7
255, 98784, 7
255, 98786, 7
255, 98784, 7
255, 98766, 7
255, 98778, 7
256, 98778, 7
256, 98775, 7
256, 98778, 7
256, 98781, 7
256, 98781, 7
256, 98775, 7
256, 98772, 7
256, 98783, 7
256, 98778, 7
256, 98786, 7
256, 98772, 7
256, 98778, 7
256, 98772, 7
256, 98775, 7
256, 98783, 7
256, 98783, 7
256, 98781, 7
256, 98772, 7
256, 98778, 7
256, 98797, 7
256, 98791, 7
256, 98800, 7
256, 98780, 7
256, 98786, 7
256, 98780, 7
256, 98775, 7
256, 98778, 7
256, 98780, 7
256, 98783, 7
256, 98775, 7
256, 98775, 7
256, 98778, 7
256, 98775, 7
256, 98778, 7
256, 98775, 7
256, 98778, 7
256, 98780, 7
256, 98780, 7
256, 98786, 7
256, 98775, 7
256, 98780, 7
256, 98772, 7
256, 98775, 7
256, 98780, 7
257, 98783, 7
257, 98778, 7
257, 98783, 7
257, 98772, 7
257, 98772, 7
257, 98780, 7
257, 98780, 7
257, 98783, 7
257, 98772, 7
257, 98777, 7
257, 98777, 7
257, 98772, 7
257, 98777, 7
257, 98775, 7
257, 98783, 7
257, 98777, 7
257, 98780, 7
257, 98780, 7
257, 98783, 7
257, 98786, 7
257, 98780, 7
257, 98775, 7
257, 98783, 7
257, 98786, 7
257, 98777, 7
257, 98783, 7
257, 98783, 7
257, 98783, 7
258, 98783, 7
257, 98774, 7
258, 98777, 7
258, 98791, 7
258, 98777, 7
257, 98777, 7
257, 98777, 7
257, 98783, 7
258, 98777, 7
258, 98772, 7
258, 98783, 7
258, 98791, 7
258, 98783, 7
258, 98777, 7
258, 98777, 7
259, 98793, 7
259, 98777, 7
259, 98785, 7
259, 98785, 7
259, 98777, 7
259, 98783, 7
259, 98777, 7
260, 98788, 7
260, 98774, 7
260, 98785, 7
260, 98779, 7
260, 98782, 7
261, 98785, 7
261, 98779, 7
261, 98774, 7
261, 98782, 7
261, 98795, 7
261, 98776, 7
261, 98788, 7
262, 98785, 7
262, 98779, 7
262, 98776, 7
262, 98776, 7
262, 98785, 7
262, 98787, 7
262, 98792, 7
263, 98782, 7
263, 98792, 7
263, 98782, 7
263, 98787, 7
263, 98776, 7
263, 98782, 7
263, 98787, 7
263, 98781, 7
264, 98784, 7
264, 98787, 7
264, 98770, 7
264, 98784, 7
264, 98787, 7
265, 98792, 7
265, 98778, 7
265, 98784, 7
265, 98764, 7
265, 98784, 7
265, 98778, 7
265, 98787, 7
265, 98787, 7
265, 98778, 7
266, 98778, 7
266, 98787, 7
266, 98787, 7
266, 98794, 7
266, 98784, 7
266, 98791, 7
266, 98778, 7
266, 98786, 7
267, 98769, 7
267, 98775, 7
267, 98775, 7
267, 98775, 7
267, 98781, 7
267, 98781, 7
267, 98772, 7
267, 98786, 7
267, 98769, 7
267, 98780, 7
267, 98778, 7
267, 98778, 7
267, 98775, 7
268, 98769, 7
268, 98786, 7
268, 98786, 7
268, 98775, 7
268, 98775, 7
267, 98778, 7
267, 98778, 7
267, 98769, 7
267, 98783, 7
267, 98778, 7
267, 98783, 7
267, 98775, 7
267, 98778, 7
267, 98763, 7
267, 98775, 7
267, 98781, 7
267, 98769, 7
267, 98775, 7
267, 98791, 7
267, 98769, 7
267, 98775, 7
267, 98775, 7
266, 98775, 7
266, 98784, 7
266, 98772, 7
266, 98772, 7
266, 98781, 7
266, 98781, 7
266, 98778, 7
266, 98794, 7
266, 98775, 7
266, 98781, 7
266, 98784, 7
266, 98781, 7
266, 98787, 7
266, 98775, 7
266, 98778, 7
266, 98778, 7
266, 98778, 7
266, 98787, 7
266, 98784, 7
266, 98769, 7
266, 98784, 7
265, 98772, 7
266, 98772, 7
265, 98778, 7
265, 98772, 7
265, 98775, 7
265, 98775, 7
265, 98775, 7
265, 98784, 7
265, 98775, 7
265, 98772, 7
265, 98772, 7
265, 98772, 7
265, 98773, 7
265, 98778, 7
265, 98773, 7
265, 98784, 7
265, 98767, 7
264, 98784, 7
265, 98773, 7
264, 98776, 7
264, 98773, 7
264, 98770, 7
264, 98767, 6
264, 98784, 6
264, 98770, 6
264, 98773, 6
264, 98776, 6
264, 98778, 6
264, 98778, 6
264, 98776, 6
264, 98784, 6
264, 98778, 6
264, 98770, 6
265, 98778, 6
265, 98778, 6
265, 98775, 6
265, 98784, 6
265, 98775, 6
265, 98778, 6
265, 98772, 6
265, 98772, 6
265, 98770, 6
266, 98767, 6
266, 98775, 6
266, 98778, 6
266, 98758, 6
266, 98781, 7
266, 98775, 7
266, 98767, 7
266, 98781, 7
266, 98778, 7
266, 98766, 7
266, 98769, 7
266, 98764, 7
266, 98775, 7
266, 98766, 7
266, 98781, 7
266, 98778, 7
267, 98769, 7
266, 98766, 7
267, 98781, 7
267, 98772, 7
266, 98766, 7
267, 98772, 7
267, 98778, 7
267, 98763, 7
267, 98763, 7
267, 98775, 7
267, 98772, 7
267, 98769, 7
267, 98769, 7
267, 98775, 7
267, 98778, 7
267, 98775, 7
267, 98772, 7
267, 98778, 7
267, 98783, 7
267, 98772, 7
267, 98786, 7
267, 98772, 7
268, 98766, 7
268, 98769, 7
268, 98777, 7
268, 98775, 7
268, 98769, 7
268, 98775, 7
268, 98777, 7
268, 98774, 7
268, 98777, 7
268, 98769, 7
269, 98783, 7
269, 98777, 7
269, 98774, 7
269, 98769, 7
269, 98774, 7
269, 98777, 7
269, 98769, 7
269, 98780, 7
269, 98777, 7
269, 98766, 7
269, 98780, 7
269, 98780, 7
269, 98777, 7
269, 98786, 7
269, 98783, 7
269, 98783, 7
269, 98774, 7
269, 98777, 7
269, 98791, 7
269, 98774, 7
269, 98786, 7
269, 98777, 7
269, 98783, 7
269, 98780, 7
269, 98793, 7
269, 98780, 7
269, 98780, 7
269, 98783, 7
269, 98777, 7
269, 98769, 7
269, 98777, 7
269, 98774, 7
269, 98786, 7
269, 98777, 7
268, 98780, 7
268, 98780, 7
268, 98774, 7
268, 98774, 7
268, 98783, 7
268, 98783, 7
268, 98783, 7
268, 98783, 7
268, 98783, 7
268, 98783, 7
268, 98783, 7
268, 98794, 7
268, 98786, 7
268, 98783, 7
268, 98791, 7
268, 98786, 7
268, 98777, 7
268, 98780, 7
268, 98786, 7
268, 98794, 7
268, 98791, 7
268, 98780, 7
268, 98780, 7
268, 98780, 7
268, 98780, 7
269, 98794, 7
269, 98783, 7
269, 98786, 7
269, 98793, 7
269, 98777, 7
269, 98786, 7
269, 98786, 7
269, 98783, 7
269, 98791, 7
269, 98791, 7
269, 98786, 7
269, 98788, 7
269, 98791, 7
269, 98796, 7
269, 98796, 7
269, 98780, 7
269, 98780, 7
269, 98783, 7
269, 98799, 7
269, 98786, 7
270, 98786, 7
270, 98786, 7
270, 98788, 7
269, 98780, 7
270, 98774, 7
270, 98786, 7
270, 98777, 7
270, 98783, 7
270, 98780, 7
270, 98786, 7
270, 98780, 7
270, 98793, 7
270, 98793, 7
270, 98780, 7
270, 98777, 7
270, 98783, 7
270, 98788, 7
270, 98780, 7
270, 98780, 7
270, 98774, 7
271, 98788, 7
271, 98782, 7
271, 98780, 7
271, 98788, 7
271, 98777, 7
271, 98782, 7
271, 98779, 7
271, 98771, 7
271, 98793, 7
271, 98788, 7
271, 98779, 7
271, 98801, 7
271, 98788, 7
271, 98777, 7
271, 98779, 7
271, 98771, 7
271, 98793, 7
271, 98788, 7
271, 98788, 7
272, 98788, 7
272, 98777, 7
272, 98782, 7
272, 98796, 7
272, 98785, 7
272, 98776, 7
272, 98776, 7
272, 98776, 7
272, 98782, 7
272, 98779, 7
272, 98788, 7
272, 98776, 7
272, 98782, 7
272, 98793, 7
272, 98785, 7
272, 98782, 7
272, 98779, 7
273, 98782, 7
273, 98785, 7
273, 98776, 7
273, 98785, 7
273, 98785, 7
273, 98782, 7
273, 98779, 7
273, 98779, 7
273, 98779, 7
273, 98787, 7
274, 98776, 7
274, 98779, 7
274, 98773, 7
274, 98784, 7
274, 98776, 7
274, 98776, 7
274, 98776, 7
274, 98776, 7
274, 98787, 7
274, 98782, 7
274, 98784, 7
274, 98787, 7
275, 98784, 7
274, 98776, 7
275, 98779, 7
275, 98781, 7
275, 98784, 7
275, 98781, 7
275, 98776, 7
275, 98773, 7
275, 98773, 7
275, 98779, 7
275, 98767, 7
275, 98778, 7
275, 98770, 7
275, 98773, 7
275, 98767, 7
275, 98776, 7
275, 98778, 7
275, 98770, 7
275, 98784, 7
275, 98778, 7
275, 98781, 7
275, 98770, 7
275, 98773, 7
275, 98770, 7
275, 98773, 7
275, 98773, 7
275, 98773, 7
275, 98776, 7
275, 98778, 7
275, 98778, 7
275, 98778, 7
275, 98778, 7
275, 98778, 7
275, 98778, 7
275, 98781, 7
275, 98770, 7
275, 98778, 7
275, 98776, 7
275, 98773, 7
275, 98773, 7
275, 98773, 7
275, 98773, 7
276, 98781, 7
275, 98776, 7
275, 98770, 7
276, 98775, 7
276, 98778, 7
276, 98770, 7
276, 98767, 7
276, 98775, 7
276, 98767, 7
276, 98764, 7
276, 98778, 7
276, 98773, 7
276, 98767, 7
276, 98770, 7
276, 98770, 7
276, 98778, 7
276, 98775, 7
275, 98773, 7
275, 98767, 7
275, 98773, 7
275, 98764, 7
275, 98761, 7
275, 98767, 7
275, 98773, 7
275, 98764, 7
275, 98770, 7
275, 98776, 7
275, 98761, 7
275, 98764, 7
275, 98770, 7
275, 98761, 7
275, 98776, 7
275, 98764, 7
275, 98764, 7
275, 98761, 7
275, 98770, 7
275, 98764, 7
275, 98773, 7
274, 98764, 7
275, 98767, 7
275, 98759, 7
274, 98764, 7
274, 98770, 7
274, 98767, 7
274, 98770, 7
274, 98770, 7
274, 98764, 7
274, 98764, 7
274, 98764, 7
274, 98764, 7
274, 98759, 7
274, 98764, 7
274, 98753, 7
274, 98776, 7
274, 98770, 7
274, 98756, 7
274, 98770, 7
274, 98764, 7
274, 98770, 7
274, 98759, 7
274, 98764, 7
275, 98770, 7
275, 98770, 7
275, 98759, 7
275, 98764, 7
275, 98759, 7
275, 98761, 7
275, 98759, 7
275, 98761, 7
275, 98764, 7
275, 98753, 7
275, 98759, 7
275, 98759, 7
275, 98767, 7
275, 98759, 7
275, 98770, 7
275, 98764, 7
275, 98764, 7
275, 98753, 7
275, 98767, 7
275, 98750, 7
275, 98759, 7
275, 98764, 7
275, 98770, 7
275, 98764, 7
275, 98761, 7
275, 98764, 7
275, 98753, 7
275, 98764, 7
275, 98753, 7
275, 98753, 7
275, 98753, 7
275, 98764, 7
275, 98753, 7
275, 98759, 7
275, 98764, 7
274, 98759, 7
274, 98753, 7
274, 98759, 7
274, 98759, 7
274, 98747, 7
274, 98759, 7
274, 98750, 7
274, 98753, 7
274, 98756, 7
274, 98744, 7
274, 98750, 7
274, 98750, 7
274, 98747, 7
274, 98753, 7
275, 98747, 7
275, 98756, 7
275, 98761, 7
274, 98750, 7
274, 98753, 7
274, 98753, 7
274, 98742, 7
274, 98759, 7
274, 98753, 7
274, 98753, 7
274, 98753, 7
275, 98756, 7
274, 98762, 7
275, 98750, 7
275, 98744, 7
275, 98759, 7
275, 98756, 7
275, 98759, 7
275, 98759, 7
275, 98753, 7
275, 98756, 7
275, 98753, 7
275, 98753, 7
275, 98756, 7
275, 98750, 7
275, 98739, 7
275, 98744, 7
275, 98767, 7
275, 98750, 7
275, 98756, 7
275, 98753, 7
275, 98764, 7
275, 98753, 7
275, 98753, 7
275, 98750, 7
276, 98755, 7
275, 98747, 7
276, 98755, 7
276, 98758, 7
276, 98755, 7
276, 98750, 7
276, 98755, 7
276, 98753, 7
276, 98750, 7
276, 98747, 7
276, 98767, 7
276, 98761, 7
276, 98764, 7
276, 98764, 7
276, 98752, 7
276, 98755, 7
276, 98767, 7
276, 98764, 7
276, 98752, 7
276, 98758, 7
276, 98755, 7
276, 98750, 7
276, 98758, 7
276, 98752, 7
276, 98761, 7
276, 98747, 7
276, 98750, 7
276, 98750, 7
276, 98752, 7
276, 98744, 7
276, 98755, 7
276, 98761, 7
276, 98752, 7
276, 98747, 7
276, 98758, 7
276, 98750, 7
276, 98758, 7
276, 98747, 7
276, 98753, 7
276, 98755, 7
276, 98753, 7
276, 98750, 7
276, 98753, 7
275, 98750, 7
275, 98755, 7
275, 98744, 7
275, 98756, 7
275, 98756, 7
275, 98741, 7
275, 98744, 7
275, 98750, 7
275, 98750, 7
275, 98759, 7
275, 98747, 7
275, 98750, 7
274, 98742, 7
274, 98742, 7
274, 98750, 7
274, 98753, 7
274, 98747, 7
274, 98750, 7
274, 98762, 7
274, 98750, 7
274, 98747, 7
274, 98750, 7
274, 98742, 7
274, 98750, 7
274, 98745, 7
274, 98762, 7
274, 98747, 7
273, 98745, 7
274, 98753, 7
273, 98745, 7
273, 98753, 7
273, 98753, 7
273, 98750, 7
273, 98750, 7
273, 98756, 7
273, 98750, 7
273, 98759, 7
273, 98750, 7
273, 98753, 7
273, 98748, 7
273, 98748, 7
273, 98751, 7
273, 98748, 7
273, 98739, 7
273, 98742, 7
273, 98756, 7
272, 98739, 7
272, 98742, 7
272, 98751, 7
272, 98751, 7
272, 98753, 7
272, 98762, 7
272, 98748, 7
272, 98745, 7
272, 98745, 7
272, 98748, 7
272, 98754, 7
272, 98745, 7
272, 98751, 7
272, 98748, 7
272, 98742, 7
272, 98754, 7
272, 98754, 7
272, 98745, 7
272, 98748, 7
272, 98748, 7
272, 98748, 7
272, 98748, 7
272, 98759, 7
272, 98742, 7
272, 98751, 7
272, 98748, 7
272, 98748, 7
272, 98756, 7
272, 98748, 7
272, 98754, 7
272, 98754, 7
272, 98739, 7
272, 98754, 7
272, 98754, 7
272, 98745, 7
272, 98742, 7
272, 98751, 7
272, 98751, 7
271, 98748, 7
271, 98759, 7
271, 98757, 7
271, 98754, 7
271, 98754, 7
271, 98754, 7
271, 98759, 7
271, 98748, 7
271, 98737, 7
271, 98748, 7
271, 98748, 7
271, 98742, 7
271, 98740, 7
271, 98748, 6
271, 98751, 6
270, 98743, 7
271, 98751, 7
271, 98745, 6
271, 98751, 7
271, 98745, 7
271, 98745, 7
270, 98748, 7
270, 98754, 7
270, 98745, 7
270, 98748, 7
270, 98751, 7
270, 98743, 7
270, 98748, 7
270, 98748, 7
270, 98745, 7
270, 98754, 7
270, 98748, 7
270, 98746, 7
270, 98748, 7
270, 98743, 7
270, 98751, 7
270, 98751, 7
270, 98746, 7
270, 98737, 7
270, 98751, 7
270, 98743, 7
270, 98737, 7
270, 98743, 7
270, 98748, 7
270, 98740, 7
270, 98746, 7
270, 98737, 7
270, 98748, 7
270, 98740, 7
270, 98740, 7
270, 98757, 7
270, 98748, 7
270, 98751, 7
270, 98754, 7
270, 98748, 7
270, 98757, 7
269, 98751, 7
269, 98743, 7
269, 98751, 7
269, 98746, 7
269, 98743, 7
269, 98749, 7
269, 98754, 7
269, 98743, 7
269, 98746, 7
269, 98734, 7
269, 98754, 7
269, 98752, 7
269, 98749, 7
269, 98749, 7
269, 98746, 7
269, 98757, 7
269, 98746, 7
269, 98746, 7
269, 98746, 7
269, 98754, 7
269, 98740, 7
269, 98754, 7
269, 98752, 7
268, 98746, 7
269, 98749, 7
269, 98749, 7
268, 98754, 7
269, 98752, 7
269, 98749, 7
269, 98754, 7
268, 98757, 7
269, 98749, 7
268, 98757, 7
268, 98746, 7
268, 98757, 7
269, 98743, 7
268, 98740, 7
268, 98757, 7
268, 98746, 7
268, 98743, 7
268, 98749, 7
268, 98746, 7
268, 98760, 7
268, 98757, 7
268, 98752, 7
268, 98752, 7
268, 98752, 7
268, 98760, 7
268, 98757, 7
268, 98757, 7
268, 98752, 7
268, 98763, 7
268, 98752, 7
268, 98760, 7
268, 98749, 7
268, 98757, 7
268, 98755, 7
268, 98763, 7
268, 98757, 7
268, 98746, 7
268, 98757, 7
268, 98755, 7
268, 98752, 7
268, 98757, 7
268, 98752, 7
268, 98749, 7
268, 98740, 7
268, 98749, 7
268, 98746, 7
268, 98746, 7
268, 98749, 7
268, 98752, 7
268, 98752, 7
268, 98752, 7
268, 98752, 7
268, 98760, 7
268, 98752, 7
268, 98749, 7
268, 98757, 7
268, 98752, 7
268, 98746, 7
268, 98749, 7
268, 98743, 7
268, 98740, 7
268, 98755, 7
268, 98746, 7
268, 98760, 6
268, 98752, 6
268, 98752, 6
268, 98746, 6
268, 98755, 6
268, 98758, 6
267, 98752, 7
267, 98760, 7
267, 98758, 7
267, 98755, 6
267, 98763, 6
267, 98766, 7
267, 98749, 7
267, 98752, 7
267, 98758, 6
267, 98746, 6
267, 98760, 7
267, 98760, 7
267, 98755, 6
267, 98758, 6
268, 98760, 6
267, 98749, 6
267, 98760, 6
267, 98752, 6
267, 98752, 6
267, 98752, 6
267, 98746, 7
267, 98761, 6
267, 98741, 6
267, 98758, 6
267, 98741, 6
267, 98746, 6
267, 98755, 7
267, 98752, 7
267, 98744, 7
267, 98744, 7
267, 98758, 7
267, 98761, 7
267, 98752, 7
267, 98758, 7
267, 98746, 7
267, 98746, 7
267, 98758, 7
267, 98755, 7
267, 98746, 7
267, 98752, 7
267, 98755, 7
267, 98749, 7
267, 98752, 7
267, 98744, 7
267, 98752, 7
267, 98746, 7
267, 98749, 7
267, 98744, 7
267, 98755, 7
267, 98752, 7
266, 98744, 7
267, 98746, 7
267, 98749, 7
266, 98749, 7
266, 98755, 7
266, 98752, 7
266, 98755, 7
266, 98749, 7
266, 98755, 7
266, 98755, 7
266, 98752, 7
266, 98749, 7
266, 98755, 7
266, 98749, 7
266, 98749, 7
266, 98752, 7
266, 98755, 7
266, 98755, 6
266, 98749, 6
266, 98755, 6
266, 98755, 6
266, 98747, 6
266, 98755, 6
266, 98752, 6
266, 98752, 6
266, 98761, 6
266, 98758, 6
266, 98755, 6
265, 98747, 6
266, 98752, 6
265, 98741, 6
265, 98758, 6
265, 98752, 6
266, 98750, 6
265, 98747, 6
266, 98755, 7
266, 98752, 7
266, 98755, 6
266, 98744, 6
266, 98750, 6
266, 98749, 6
266, 98752, 6
266, 98744, 6
266, 98744, 6
266, 98741, 6
266, 98738, 6
266, 98741, 6
266, 98749, 6
266, 98752, 6
266, 98747, 6
265, 98744, 6
265, 98747, 6
265, 98750, 6
265, 98738, 6
265, 98750, 6
265, 98744, 6
265, 98741, 6
265, 98744, 6
265, 98744, 6
265, 98753, 6
265, 98750, 6
265, 98744, 6
265, 98733, 6
265, 98750, 6
265, 98747, 6
265, 98741, 6
265, 98747, 6
265, 98744, 6
265, 98741, 6
265, 98747, 6
265, 98738, 6
265, 98738, 6
265, 98747, 6
265, 98736, 6
265, 98736, 6
265, 98733, 6
265, 98738, 6
265, 98738, 6
265, 98747, 6
265, 98741, 6
265, 98750, 6
265, 98747, 6
265, 98738, 6
265, 98736, 6
265, 98736, 6
265, 98736, 6
265, 98741, 6
265, 98750, 6
265, 98738, 6
265, 98738, 6
265, 98736, 6
265, 98736, 6
265, 98736, 6
265, 98744, 6
265, 98741, 6
265, 98733, 6
264, 98738, 6
265, 98738, 6
264, 98733, 6
264, 98744, 6
264, 98736, 6
264, 98741, 6
264, 98750, 6
264, 98747, 6
264, 98738, 6
264, 98733, 6
264, 98744, 6
264, 98739, 6
264, 98741, 6
264, 98739, 6
264, 98739, 6
264, 98744, 6
264, 98747, 6
264, 98741, 6
264, 98739, 6
264, 98730, 6
264, 98736, 6
264, 98730, 6
264, 98750, 6
264, 98739, 6
264, 98741, 6
264, 98733, 6
264, 98739, 6
264, 98730, 6
264, 98741, 6
263, 98724, 6
263, 98730, 6
264, 98739, 6
264, 98739, 6
264, 98739, 6
263, 98736, 6
263, 98730, 6
263, 98736, 6
263, 98742, 6
263, 98730, 6
264, 98736, 6
264, 98741, 6
264, 98739, 6
264, 98733, 6
264, 98741, 6
263, 98739, 6
264, 98744, 6
264, 98739, 6
263, 98730, 6
264, 98744, 6
264, 98736, 6
264, 98736, 6
264, 98739, 6
264, 98736, 6
264, 98733, 6
263, 98736, 6
263, 98724, 6
263, 98724, 6
263, 98733, 6
263, 98722, 6
263, 98730, 6
263, 98736, 6
263, 98725, 6
263, 98730, 6
263, 98733, 6
263, 98727, 6
263, 98727, 6
263, 98736, 6
263, 98739, 6
263, 98733, 6
263, 98722, 6
263, 98739, 6
263, 98727, 6
263, 98727, 6
263, 98730, 6
263, 98727, 6
263, 98725, 6
263, 98727, 6
263, 98727, 6
263, 98733, 6
263, 98739, 6
263, 98727, 6
263, 98725, 6
263, 98722, 6
263, 98725, 6
263, 98730, 6
263, 98730, 6
263, 98736, 6
263, 98736, 6
263, 98722, 6
263, 98728, 6
263, 98730, 6
263, 98728, 6
263, 98728, 6
263, 98725, 6
263, 98722, 6
263, 98725, 6
262, 98730, 6
262, 98733, 6
262, 98730, 6
262, 98722, 6
262, 98725, 6
262, 98725, 6
262, 98719, 6
262, 98722, 6
262, 98728, 6
262, 98730, 6
262, 98725, 6
262, 98719, 6
262, 98722, 6
262, 98728, 6
262, 98722, 6
262, 98730, 6
262, 98731, 6
262, 98716, 6
262, 98730, 6
262, 98722, 6
262, 98725, 6
262, 98725, 6
262, 98719, 6
262, 98722, 6
262, 98730, 6
262, 98728, 6
262, 98722, 6
262, 98722, 6
262, 98719, 6
262, 98719, 6
262, 98728, 6
262, 98719, 6
262, 98736, 6
262, 98725, 6
262, 98728, 6
262, 98728, 6
262, 98722, 6
262, 98725, 6
262, 98725, 6
262, 98722, 6
262, 98725, 6
262, 98733, 6
262, 98722, 6
262, 98728, 6
262, 98725, 6
262, 98719, 6
262, 98719, 6
262, 98722, 6
262, 98711, 6
262, 98719, 6
262, 98719, 6
262, 98728, 6
262, 98722, 6
262, 98716, 6
262, 98716, 6
262, 98722, 6
262, 98719, 6
262, 98722, 6
262, 98713, 6
262, 98711, 6
262, 98722, 6
262, 98731, 6
262, 98719, 6
262, 98719, 6
262, 98722, 6
262, 98728, 6
262, 98739, 6
262, 98702, 6
262, 98716, 6
262, 98728, 6
262, 98728, 6
262, 98722, 6
262, 98728, 6
262, 98722, 6
262, 98722, 6
262, 98713, 6
262, 98731, 6
262, 98725, 6
262, 98728, 6
262, 98716, 6
262, 98719, 6
262, 98733, 6
262, 98722, 6
262, 98719, 6
262, 98722, 6
262, 98722, 6
262, 98736, 6
262, 98728, 6
262, 98716, 6
262, 98722, 6
262, 98731, 6
262, 98722, 6
262, 98733, 6
262, 98722, 6
262, 98719, 6
262, 98728, 6
262, 98728, 6
262, 98739, 6
262, 98722, 6
262, 98733, 6
262, 98722, 6
262, 98728, 6
262, 98719, 6
262, 98722, 6
262, 98728, 6
262, 98731, 6
262, 98719, 6
262, 98725, 6
262, 98722, 6
262, 98719, 6
262, 98719, 6
262, 98719, 6
262, 98719, 6
262, 98722, 6
262, 98728, 6
261, 98716, 6
261, 98708, 6
261, 98719, 6
261, 98714, 6
261, 98714, 6
261, 98714, 6
261, 98719, 6
261, 98711, 6
261, 98717, 6
261, 98719, 6
261, 98711, 6
261, 98708, 6
261, 98714, 6
261, 98717, 6
261, 98714, 6
261, 98717, 6
261, 98717, 6
261, 98714, 6
261, 98722, 6
261, 98714, 6
261, 98717, 6
261, 98708, 6
261, 98708, 6
261, 98719, 6
261, 98714, 6
261, 98722, 6
261, 98711, 6
261, 98717, 6
261, 98719, 6
261, 98705, 6
261, 98717, 6
261, 98702, 6
261, 98714, 6
261, 98711, 6
261, 98719, 6
261, 98717, 6
261, 98699, 6
261, 98714, 6
261, 98714, 6
261, 98711, 6
261, 98711, 6
261, 98714, 6
261, 98717, 6
261, 98714, 6
261, 98702, 6
261, 98708, 6
261, 98714, 6
261, 98717, 6
261, 98714, 6
261, 98714, 6
261, 98711, 6
261, 98711, 6
261, 98714, 6
261, 98711, 6
261, 98708, 6
261, 98714, 6
261, 98716, 6
261, 98716, 6
261, 98711, 6
261, 98711, 6
261, 98711, 6
261, 98716, 6
261, 98702, 6
261, 98711, 6
261, 98705, 6
261, 98714, 6
261, 98702, 6
261, 98705, 6
261, 98711, 6
261, 98714, 6
261, 98714, 6
261, 98717, 6
261, 98711, 6
261, 98717, 6
261, 98714, 6
261, 98708, 6
261, 98714, 6
261, 98708, 6
261, 98711, 6
261, 98708, 6
261, 98702, 6
261, 98708, 6
261, 98714, 6
261, 98719, 6
261, 98714, 6
261, 98717, 6
261, 98714, 6
261, 98711, 6
261, 98711, 6
261, 98714, 6
260, 98714, 6
261, 98711, 6
260, 98714, 6
260, 98714, 6
260, 98711, 6
260, 98705, 6
260, 98714, 6
260, 98708, 6
260, 98711, 6
260, 98714, 6
260, 98708, 6
260, 98706, 6
260, 98717, 6
259, 98714, 6
259, 98706, 6
259, 98714, 6
259, 98706, 6
259, 98714, 6
259, 98703, 6
259, 98708, 6
259, 98711, 6
259, 98717, 6
259, 98723, 6
259, 98709, 6
259, 98703, 6
259, 98709, 6
259, 98703, 6
259, 98706, 6
259, 98711, 6
259, 98720, 6
259, 98706, 6
259, 98714, 6
259, 98709, 6
259, 98720, 6
259, 98706, 6
259, 98703, 6
259, 98709, 6
259, 98714, 6
259, 98694, 6
259, 98714, 6
259, 98714, 6
259, 98711, 6
259, 98703, 6
259, 98717, 6
259, 98709, 6
259, 98703, 6
259, 98717, 6
258, 98712, 6
259, 98700, 6
259, 98706, 6
259, 98697, 6
258, 98706, 6
259, 98706, 6
259, 98703, 6
258, 98709, 6
259, 98700, 6
259, 98700, 6
259, 98703, 6
259, 98697, 6
259, 98700, 6
259, 98706, 6
259, 98700, 6
259, 98692, 6
259, 98697, 6
259, 98711, 6
259, 98714, 6
259, 98697, 6
259, 98703, 6
259, 98709, 6
259, 98706, 6
259, 98703, 6
259, 98697, 6
259, 98703, 6
259, 98697, 6
259, 98703, 6
259, 98711, 6
259, 98711, 6
259, 98706, 6
259, 98709, 6
259, 98703, 6
259, 98706, 6
259, 98709, 6
259, 98697, 6
259, 98703, 6
259, 98700, 6
259, 98697, 6
259, 98706, 6
259, 98706, 6
259, 98692, 6
259, 98697, 6
259, 98709, 6
259, 98706, 6
259, 98709, 6
259, 98697, 6
258, 98700, 6
258, 98706, 6
258, 98709, 6
258, 98714, 6
259, 98703, 6
259, 98717, 6
258, 98703, 6
258, 98706, 6
258, 98700, 6
258, 98700, 6
258, 98700, 6
258, 98706, 6
258, 98712, 6
258, 98709, 6
258, 98706, 6
258, 98712, 6
258, 98694, 6
258, 98712, 6
258, 98695, 6
258, 98697, 6
258, 98703, 6
258, 98706, 6
258, 98717, 6
258, 98706, 6
258, 98714, 6
258, 98703, 6
258, 98700, 6
258, 98695, 6
258, 98709, 6
258, 98712, 6
258, 98709, 6
258, 98709, 6
258, 98703, 6
258, 98709, 6
258, 98709, 6
258, 98703, 6
258, 98703, 6
258, 98715, 6
258, 98706, 6
258, 98697, 6
258, 98709, 6
258, 98697, 6
258, 98692, 6
258, 98703, 6
258, 98703, 6
258, 98712, 6
258, 98700, 6
258, 98712, 6
258, 98706, 6
258, 98712, 6
258, 98700, 6
258, 98703, 6
258, 98706, 6
258, 98703, 6
258, 98709, 6
258, 98703, 6
258, 98703, 6
258, 98717, 6
258, 98706, 6
258, 98709, 6
258, 98709, 6
258, 98703, 6
258, 98706, 6
258, 98703, 6
258, 98712, 6
258, 98712, 6
258, 98706, 6
258, 98715, 6
258, 98712, 6
258, 98717, 6
258, 98709, 6
258, 98706, 6
258, 98709, 7
258, 98703, 7
257, 98700, 7
257, 98706, 7
257, 98703, 7
257, 98712, 7
258, 98712, 7
258, 98712, 7
258, 98706, 7
258, 98709, 7
258, 98700, 7
258, 98700, 7
258, 98706, 7
258, 98709, 7
257, 98706, 7
257, 98709, 7
257, 98703, 7
257, 98712, 7
257, 98703, 7
257, 98709, 7
257, 98703, 7
257, 98712, 7
257, 98709, 7
257, 98706, 7
257, 98706, 7
257, 98706, 6
257, 98706, 6
257, 98709, 6
258, 98723, 6
258, 98706, 6
257, 98709, 6
258, 98709, 6
258, 98718, 6
257, 98709, 6
258, 98709, 6
258, 98706, 6
258, 98700, 6
258, 98717, 6
258, 98706, 6
258, 98698, 6
258, 98723, 6
257, 98706, 6
257, 98701, 6
257, 98701, 6
257, 98718, 6
257, 98701, 6
257, 98703, 6
257, 98709, 6
257, 98706, 6
257, 98706, 6
256, 98695, 6
257, 98701, 6
256, 98695, 6
256, 98695, 6
256, 98704, 6
256, 98706, 6
257, 98704, 6
257, 98704, 6
257, 98706, 6
257, 98703, 6
257, 98712, 6
257, 98703, 6
257, 98701, 6
257, 98706, 6
257, 98704, 6
257, 98703, 6
257, 98698, 6
257, 98706, 6
257, 98706, 6
257, 98703, 6
257, 98703, 6
257, 98698, 6
257, 98701, 6
257, 98701, 6
257, 98703, 6
257, 98706, 6
257, 98703, 6
257, 98709, 6
257, 98706, 6
257, 98703, 6
257, 98701, 6
257, 98698, 6
257, 98706, 6
257, 98698, 6
257, 98704, 6
257, 98721, 6
257, 98695, 6
257, 98715, 6
257, 98706, 6
257, 98704, 6
257, 98698, 6
257, 98701, 6
256, 98698, 6
256, 98701, 6
256, 98709, 6
256, 98701, 6
256, 98712, 6
256, 98698, 6
256, 98689, 6
256, 98689, 6
256, 98712, 6
256, 98701, 6
256, 98704, 6
256, 98701, 6
256, 98692, 6
256, 98706, 6
256, 98692, 6
256, 98698, 6
256, 98706, 6
256, 98709, 6
256, 98704, 6
256, 98692, 6
256, 98701, 6
256, 98707, 6
256, 98701, 6
256, 98709, 6
256, 98704, 6
256, 98701, 6
256, 98704, 6
256, 98704, 6
256, 98698, 6
256, 98707, 6
256, 98698, 6
256, 98701, 6
256, 98698, 6
256, 98692, 6
256, 98692, 7
256, 98698, 6
256, 98704, 6
256, 98698, 6
255, 98698, 6
255, 98698, 6
255, 98704, 6
255, 98701, 6
255, 98687, 6
255, 98695, 6
255, 98701, 6
255, 98695, 6
255, 98704, 6
255, 98701, 6
255, 98684, 6
255, 98701, 6
255, 98695, 6
255, 98687, 6
255, 98695, 6
255, 98695, 6
255, 98701, 6
255, 98695, 6
255, 98693, 6
255, 98698, 6
255, 98701, 6
255, 98695, 6
255, 98698, 6
255, 98704, 6
255, 98690, 6
254, 98684, 6
255, 98693, 6
254, 98696, 6
255, 98701, 6
254, 98687, 6
254, 98704, 6
254, 98693, 6
254, 98696, 6
254, 98690, 6
255, 98684, 6
254, 98696, 6
254, 98696, 6
254, 98679, 6
255, 98696, 6
254, 98684, 6
254, 98681, 6
254, 98693, 6
254, 98687, 6
254, 98696, 6
254, 98687, 6
254, 98701, 6
254, 98687, 6
254, 98687, 6
254, 98690, 6
254, 98681, 6
254, 98696, 6
254, 98690, 6
254, 98681, 6
254, 98687, 6
254, 98696, 6
254, 98690, 6
254, 98681, 6
254, 98679, 6
254, 98682, 6
254, 98682, 6
254, 98684, 6
254, 98687, 6
254, 98687, 6
254, 98687, 6
254, 98679, 6
254, 98684, 6
254, 98690, 6
254, 98673, 6
254, 98687, 6
254, 98687, 6
254, 98687, 6
254, 98679, 6
254, 98681, 6
254, 98679, 6
254, 98684, 6
254, 98679, 6
254, 98670, 6
254, 98684, 6
254, 98682, 6
254, 98679, 6
254, 98676, 6
254, 98676, 6
254, 98676, 6
254, 98665, 6
254, 98679, 6
254, 98682, 6
253, 98676, 6
253, 98673, 6
253, 98676, 6
253, 98670, 6
253, 98685, 6
253, 98682, 6
253, 98670, 6
253, 98676, 6
253, 98676, 6
253, 98679, 6
253, 98679, 6
253, 98682, 6
253, 98685, 6
253, 98682, 6
253, 98679, 6
253, 98673, 6
253, 98685, 6
253, 98668, 6
253, 98682, 6
253, 98673, 6
253, 98676, 6
253, 98679, 6
253, 98682, 6
252, 98668, 6
252, 98679, 6
253, 98679, 6
252, 98673, 6
252, 98679, 6
252, 98676, 6
252, 98671, 6
252, 98673, 6
252, 98679, 6
252, 98676, 6
252, 98679, 6
252, 98682, 6
252, 98665, 6
252, 98676, 6
252, 98679, 6
252, 98671, 6
252, 98673, 6
252, 98676, 6
252, 98673, 6
252, 98671, 6
252, 98676, 6
252, 98673, 6
252, 98682, 6
252, 98679, 6
252, 98668, 6
252, 98685, 6
252, 98674, 6
252, 98676, 6
252, 98685, 6
252, 98679, 6
252, 98682, 6
252, 98676, 6
252, 98671, 6
252, 98668, 6
252, 98674, 6
252, 98671, 6
252, 98679, 6
252, 98668, 6
252, 98674, 6
252, 98676, 6
252, 98665, 6
252, 98674, 6
252, 98674, 6
252, 98668, 6
252, 98674, 6
252, 98665, 6
252, 98665, 6
252, 98665, 6
252, 98668, 6
252, 98682, 6
252, 98662, 6
252, 98671, 6
252, 98682, 6
252, 98676, 6
252, 98665, 6
252, 98676, 6
252, 98671, 6
252, 98668, 6
252, 98671, 6
252, 98668, 6
252, 98674, 6
252, 98665, 6
252, 98674, 6
252, 98676, 6
252, 98671, 6
252, 98676, 6
252, 98668, 6
252, 98682, 6
252, 98679, 6
252, 98676, 6
252, 98671, 6
252, 98682, 6
252, 98679, 6
252, 98671, 6
252, 98676, 6
252, 98671, 6
252, 98682, 6
252, 98671, 6
252, 98676, 6
252, 98668, 6
252, 98674, 6
252, 98668, 6
252, 98679, 6
252, 98665, 6
252, 98671, 6
252, 98665, 6
252, 98679, 6
252, 98676, 6
252, 98679, 6
252, 98668, 6
252, 98671, 6
252, 98662, 6
252, 98671, 6
252, 98674, 6
252, 98668, 6
252, 98674, 6
252, 98668, 6
252, 98668, 6
252, 98673, 6
252, 98676, 6
252, 98671, 6
252, 98671, 6
252, 98671, 6
252, 98671, 6
252, 98665, 6
252, 98668, 6
252, 98676, 6
252, 98665, 6
252, 98665, 6
253, 98671, 6
252, 98665, 6
253, 98668, 6
252, 98668, 6
253, 98668, 6
253, 98671, 6
253, 98668, 6
252, 98673, 6
253, 98679, 6
252, 98662, 6
253, 98665, 6
253, 98668, 6
253, 98659, 6
253, 98665, 6
252, 98662, 6
253, 98679, 6
253, 98662, 6
253, 98662, 6
253, 98662, 6
253, 98665, 6
253, 98659, 6
253, 98662, 6
253, 98668, 6
253, 98670, 6
253, 98662, 6
253, 98665, 6
253, 98668, 6
253, 98667, 6
253, 98665, 6
254, 98670, 6
254, 98667, 6
253, 98659, 6
254, 98662, 6
253, 98662, 6
254, 98676, 6
253, 98670, 6
253, 98670, 6
253, 98670, 6
254, 98667, 6
253, 98670, 6
254, 98670, 6
254, 98670, 6
254, 98670, 6
254, 98659, 6
254, 98670, 6
254, 98676, 6
254, 98665, 6
254, 98665, 6
254, 98676, 6
254, 98670, 6
254, 98664, 6
254, 98664, 6
254, 98662, 6
254, 98664, 6
254, 98667, 6
254, 98662, 6
254, 98670, 6
254, 98667, 6
254, 98662, 6
254, 98673, 6
254, 98662, 6
254, 98664, 6
255, 98667, 6
255, 98667, 6
255, 98676, 6
255, 98667, 6
255, 98670, 6
255, 98667, 6
255, 98664, 6
255, 98661, 6
255, 98661, 6
255, 98661, 6
255, 98667, 6
255, 98661, 6
255, 98664, 6
255, 98658, 6
255, 98661, 6
255, 98661, 6
255, 98664, 6
255, 98658, 6
255, 98658, 6
255, 98661, 6
255, 98664, 6
255, 98661, 6
256, 98667, 6
256, 98664, 6
256, 98654, 6
256, 98658, 6
256, 98664, 6
256, 98670, 6
256, 98672, 6
256, 98664, 6
256, 98656, 6
256, 98661, 6
256, 98656, 6
256, 98664, 6
256, 98656, 6
256, 98656, 6
256, 98658, 6
256, 98664, 6
256, 98658, 6
257, 98667, 6
257, 98661, 6
257, 98656, 6
257, 98653, 6
257, 98661, 6
257, 98653, 6
257, 98653, 6
257, 98656, 6
257, 98656, 6
257, 98661, 6
257, 98658, 6
257, 98656, 6
257, 98656, 6
257, 98653, 6
257, 98648, 6
257, 98656, 6
257, 98653, 6
257, 98656, 6
257, 98656, 6
257, 98658, 6
257, 98656, 6
257, 98653, 6
257, 98658, 6
257, 98658, 6
257, 98653, 6
257, 98661, 6
257, 98653, 6
257, 98658, 6
257, 98658, 6
257, 98656, 6
258, 98656, 6
258, 98663, 6
258, 98661, 6
258, 98647, 6
258, 98663, 6
258, 98653, 6
258, 98658, 6
258, 98660, 6
258, 98660, 6
258, 98650, 6
258, 98653, 6
258, 98647, 6
259, 98653, 6
259, 98657, 6
259, 98656, 6
259, 98653, 6
259, 98650, 6
259, 98657, 6
259, 98663, 6
259, 98657, 6
259, 98653, 6
259, 98650, 6
259, 98647, 6
259, 98650, 6
259, 98657, 6
259, 98647, 6
259, 98647, 6
259, 98653, 6
259, 98641, 6
259, 98650, 6
259, 98641, 6
259, 98650, 6
259, 98653, 6
259, 98647, 6
259, 98653, 6
259, 98657, 6
259, 98647, 6
259, 98653, 6
259, 98660, 7
259, 98657, 6
259, 98657, 7
260, 98655, 7
260, 98652, 6
260, 98635, 6
260, 98657, 6
260, 98655, 6
260, 98638, 6
260, 98655, 6
260, 98649, 6
260, 98649, 6
260, 98644, 6
260, 98647, 6
260, 98649, 6
260, 98652, 6
260, 98652, 6
260, 98647, 6
260, 98647, 6
261, 98652, 6
261, 98638, 6
261, 98649, 6
261, 98641, 6
260, 98644, 6
261, 98644, 6
261, 98638, 6
260, 98635, 6
260, 98644, 6
261, 98646, 6
261, 98641, 6
261, 98644, 6
261, 98644, 6
261, 98657, 6
260, 98647, 6
260, 98649, 6
260, 98649, 6
261, 98646, 6
261, 98644, 6
261, 98646, 6
261, 98649, 6
261, 98646, 6
261, 98649, 6
261, 98635, 6
261, 98644, 6
261, 98644, 6
261, 98652, 6
261, 98624, 6
261, 98635, 6
261, 98657, 6
261, 98638, 6
261, 98649, 6
261, 98655, 6
261, 98649, 6
260, 98644, 6
261, 98652, 6
260, 98647, 6
260, 98652, 6
260, 98647, 6
261, 98644, 6
261, 98652, 6
261, 98657, 6
261, 98646, 6
261, 98635, 6
261, 98646, 6
261, 98638, 6
261, 98644, 6
261, 98641, 6
262, 98652, 6
261, 98643, 6
261, 98649, 6
261, 98635, 6
262, 98655, 6
262, 98646, 6
262, 98643, 6
262, 98649, 6
262, 98643, 6
262, 98649, 6
262, 98652, 6
262, 98649, 6
262, 98640, 6
262, 98643, 6
262, 98643, 6
263, 98643, 6
263, 98643, 6
263, 98652, 6
263, 98640, 6
263, 98640, 6
263, 98640, 6
263, 98640, 6
263, 98643, 6
263, 98637, 6
263, 98635, 6
263, 98646, 6
263, 98652, 6
263, 98640, 6
263, 98637, 6
263, 98643, 6
263, 98646, 6
263, 98640, 6
263, 98640, 6
263, 98637, 6
263, 98646, 6
263, 98646, 6
263, 98643, 6
262, 98646, 6
263, 98635, 6
263, 98637, 6
263, 98632, 6
263, 98637, 6
263, 98640, 6
263, 98640, 6
263, 98629, 6
263, 98634, 6
263, 98643, 6
263, 98640, 6
263, 98632, 6
263, 98640, 6
262, 98637, 6
262, 98635, 6
262, 98649, 6
262, 98635, 6
262, 98635, 6
262, 98637, 6
262, 98635, 6
262, 98640, 6
262, 98637, 6
262, 98646, 6
262, 98632, 6
262, 98626, 6
262, 98632, 6
263, 98637, 6
263, 98632, 6
263, 98640, 6
263, 98629, 6
263, 98632, 6
263, 98629, 6
263, 98632, 6
263, 98632, 6
263, 98634, 6
263, 98629, 6
263, 98634, 6
263, 98640, 6
263, 98634, 6
263, 98643, 6
263, 98632, 6
263, 98632, 6
263, 98634, 6
263, 98632, 6
263, 98637, 6
263, 98634, 6
263, 98632, 6
263, 98643, 6
263, 98634, 6
263, 98637, 6
263, 98626, 6
263, 98637, 6
263, 98629, 6
263, 98634, 6
263, 98640, 6
263, 98643, 6
263, 98643, 6
263, 98629, 6
263, 98631, 6
263, 98643, 6
263, 98640, 6
264, 98643, 6
263, 98637, 6
264, 98634, 6
264, 98637, 6
264, 98637, 6
264, 98640, 6
264, 98640, 6
264, 98631, 6
264, 98634, 6
264, 98631, 6
264, 98631, 6
264, 98634, 6
264, 98646, 6
264, 98634, 6
264, 98643, 6
264, 98626, 6
264, 98625, 6
264, 98634, 6
264, 98640, 6
264, 98640, 6
264, 98637, 6
264, 98648, 6
264, 98628, 6
264, 98645, 6
264, 98640, 6
264, 98637, 6
264, 98631, 6
264, 98637, 6
264, 98628, 6
264, 98637, 6
264, 98628, 6
264, 98637, 6
264, 98643, 6
265, 98631, 6
265, 98645, 6
265, 98640, 6
265, 98631, 6
265, 98640, 6
264, 98631, 6
265, 98631, 6
265, 98634, 6
264, 98640, 6
265, 98631, 6
265, 98637, 6
265, 98634, 6
265, 98642, 6
265, 98628, 6
265, 98631, 6
265, 98631, 6
265, 98634, 6
265, 98622, 6
265, 98642, 6
265, 98631, 6
265, 98628, 6
265, 98631, 6
265, 98628, 6
265, 98637, 6
265, 98642, 6
265, 98637, 6
265, 98631, 6
265, 98634, 6
266, 98631, 6
266, 98634, 6
266, 98634, 6
266, 98642, 6
266, 98634, 6
266, 98631, 6
266, 98631, 6
266, 98636, 6
266, 98622, 6
266, 98631, 6
266, 98636, 6
266, 98642, 6
266, 98631, 6
267, 98636, 6
266, 98631, 6
267, 98636, 6
267, 98633, 6
266, 98633, 6
267, 98628, 6
266, 98631, 6
266, 98631, 6
267, 98625, 6
266, 98636, 6
267, 98633, 6
267, 98636, 6
267, 98633, 6
267, 98628, 6
267, 98625, 6
267, 98633, 6
267, 98628, 6
267, 98628, 6
267, 98616, 6
267, 98628, 6
267, 98633, 6
267, 98633, 6
267, 98630, 6
267, 98628, 6
267, 98630, 6
267, 98628, 6
267, 98633, 6
267, 98642, 6
267, 98633, 6
267, 98619, 6
267, 98627, 6
267, 98630, 6
267, 98622, 6
268, 98627, 6
268, 98625, 6
268, 98642, 6
268, 98639, 6
268, 98633, 6
268, 98633, 6
268, 98624, 6
268, 98624, 6
268, 98624, 6
268, 98627, 6
268, 98630, 6
268, 98627, 6
268, 98624, 6
268, 98630, 6
268, 98633, 6
268, 98627, 6
268, 98624, 6
268, 98627, 6
268, 98627, 6
268, 98627, 6
268, 98630, 6
268, 98627, 6
268, 98633, 6
268, 98633, 6
268, 98627, 6
269, 98624, 6
269, 98627, 6
269, 98621, 6
269, 98627, 6
269, 98627, 6
269, 98624, 6
269, 98630, 6
269, 98618, 6
269, 98616, 6
269, 98627, 6
269, 98627, 6
269, 98624, 6
269, 98624, 6
269, 98618, 6
269, 98615, 6
269, 98627, 6
270, 98615, 6
270, 98627, 6
269, 98627, 6
269, 98615, 6
269, 98630, 6
269, 98627, 6
269, 98630, 6
269, 98630, 6
269, 98618, 6
269, 98621, 6
269, 98630, 6
269, 98624, 6
269, 98619, 6
269, 98621, 6
269, 98619, 6
269, 98618, 6
269, 98621, 6
269, 98627, 6
269, 98630, 6
269, 98621, 6
269, 98624, 6
269, 98624, 6
269, 98627, 6
269, 98624, 6
268, 98624, 6
268, 98619, 6
269, 98627, 6
269, 98633, 6
269, 98630, 6
269, 98624, 6
269, 98619, 6
269, 98630, 6
269, 98633, 6
269, 98627, 6
269, 98621, 6
269, 98624, 6
269, 98627, 6
269, 98627, 6
269, 98624, 6
269, 98624, 6
269, 98621, 6
269, 98624, 6
269, 98633, 6
269, 98616, 6
269, 98621, 6
269, 98624, 6
269, 98627, 6
269, 98621, 6
269, 98618, 6
269, 98633, 6
269, 98616, 6
269, 98613, 6
269, 98618, 6
269, 98624, 6
269, 98618, 6
269, 98624, 6
269, 98627, 6
269, 98616, 6
269, 98616, 6
269, 98621, 6
269, 98630, 6
269, 98621, 6
269, 98624, 6
269, 98613, 6
269, 98618, 6
269, 98621, 6
269, 98610, 6
269, 98613, 6
269, 98610, 6
269, 98621, 6
269, 98618, 6
269, 98610, 6
269, 98607, 6
269, 98613, 6
269, 98618, 6
269, 98601, 6
269, 98618, 6
269, 98615, 6
269, 98610, 6
269, 98618, 6
269, 98613, 6
269, 98613, 6
269, 98618, 6
269, 98604, 6
269, 98618, 6
269, 98613, 6
269, 98616, 6
269, 98621, 6
269, 98616, 6
269, 98618, 6
269, 98613, 6
269, 98627, 6
269, 98607, 6
268, 98616, 6
268, 98621, 6
269, 98613, 6
269, 98610, 6
269, 98604, 6
269, 98610, 5
269, 98601, 6
269, 98616, 6
269, 98616, 6
269, 98616, 6
268, 98607, 6
268, 98616, 6
268, 98604, 6
268, 98610, 5
268, 98613, 6
268, 98610, 6
268, 98616, 5
268, 98602, 6
268, 98616, 6
268, 98613, 6
268, 98610, 6
268, 98607, 6
268, 98619, 6
268, 98605, 6
268, 98607, 6
268, 98619, 6
268, 98607, 6
268, 98610, 6
268, 98607, 6
268, 98610, 6
268, 98616, 6
